FX,AUD,2008-01,1.6682
FX,AUD,2008-02,1.6226
FX,AUD,2008-03,1.7334
FX,AUD,2008-04,1.6614
FX,AUD,2008-05,1.6212
FX,AUD,2008-06,1.6371
FX,AUD,2008-07,1.6545
FX,AUD,2008-08,1.7066
FX,AUD,2008-09,1.7739
FX,AUD,2008-10,1.9247
FX,AUD,2008-11,1.9533
FX,AUD,2008-12,2.0274
FX,AUD,2009-01,2.0115
FX,AUD,2009-02,1.9891
FX,AUD,2009-03,1.9216
FX,AUD,2009-04,1.8146
FX,AUD,2009-05,1.7671
FX,AUD,2009-06,1.7359
FX,AUD,2009-07,1.706
FX,AUD,2009-08,1.7087
FX,AUD,2009-09,1.6596
FX,AUD,2009-10,1.6274
FX,AUD,2009-11,1.6452
FX,AUD,2009-12,1.6008
FX,AUD,2010-01,1.5639
FX,AUD,2010-02,1.524
FX,AUD,2010-03,1.4741
FX,AUD,2010-04,1.4292
FX,AUD,2010-05,1.4576
FX,AUD,2010-06,1.4403
FX,AUD,2010-07,1.4466
FX,AUD,2010-08,1.4304
FX,AUD,2010-09,1.407
FX,AUD,2010-10,1.4216
FX,AUD,2010-11,1.3595
FX,AUD,2010-12,1.3136
FX,AUD,2011-01,1.3763
FX,AUD,2011-02,1.3601
FX,AUD,2011-03,1.3736
FX,AUD,2011-04,1.356
FX,AUD,2011-05,1.3504
FX,AUD,2011-06,1.3485
FX,AUD,2011-07,1.305
FX,AUD,2011-08,1.3529
FX,AUD,2011-09,1.3874
FX,AUD,2011-10,1.3225
FX,AUD,2011-11,1.3165
FX,AUD,2011-12,1.2723
FX,AUD,2012-01,1.2366
FX,AUD,2012-02,1.2414
FX,AUD,2012-03,1.2836
FX,AUD,2012-04,1.2684
FX,AUD,2012-05,1.2736
FX,AUD,2012-06,1.2339
FX,AUD,2012-07,1.1675
FX,AUD,2012-08,1.2201
FX,AUD,2012-09,1.2396
FX,AUD,2012-10,1.2528
FX,AUD,2012-11,1.2474
FX,AUD,2012-12,1.2712
FX,AUD,2013-01,1.3009
FX,AUD,2013-02,1.2809
FX,AUD,2013-03,1.2308
FX,AUD,2013-04,1.2649
FX,AUD,2013-05,1.354
FX,AUD,2013-06,1.4171
FX,AUD,2013-07,1.4725
FX,AUD,2013-08,1.482
FX,AUD,2013-09,1.4486
FX,AUD,2013-10,1.4353
FX,AUD,2013-11,1.4934
FX,AUD,2013-12,1.5423
FX,AUD,2014-01,1.5516
FX,AUD,2014-02,1.5414
FX,AUD,2014-03,1.4941
FX,AUD,2014-04,1.4947
FX,AUD,2014-05,1.4635
FX,AUD,2014-06,1.4537
FX,AUD,2014-07,1.4396
FX,AUD,2014-08,1.4123
FX,AUD,2014-09,1.4442
FX,AUD,2014-10,1.4249
FX,AUD,2014-11,1.4647
FX,AUD,2014-12,1.4829
FX,AUD,2015-01,1.4535
FX,AUD,2015-02,1.4358
FX,AUD,2015-03,1.4154
FX,AUD,2015-04,1.4161
FX,AUD,2015-05,1.4338
FX,AUD,2015-06,1.455
FX,AUD,2015-07,1.514
FX,AUD,2015-08,1.5753
FX,AUD,2015-09,1.5939
FX,AUD,2015-10,1.5544
FX,AUD,2015-11,1.4671
FX,AUD,2015-12,1.4897
FX,AUD,2016-01,1.5388
FX,AUD,2016-02,1.526
FX,AUD,2016-03,1.4807
FX,AUD,2016-04,1.4948
FX,AUD,2016-05,1.5366
FX,AUD,2016-06,1.4929
FX,AUD,2016-07,1.4782
FX,AUD,2016-08,1.4806
FX,AUD,2016-09,1.4657
FX,AUD,2016-10,1.4397
FX,AUD,2016-11,1.4291
FX,AUD,2016-12,1.4596
FX,AUD,2017-01,1.4198
FX,AUD,2017-02,1.3807
FX,AUD,2017-03,1.3982
FX,AUD,2017-04,1.4629
FX,AUD,2017-05,1.5054
FX,AUD,2017-06,1.4851
FX,AUD,2017-07,1.4713
FX,AUD,2017-08,1.5016
FX,AUD,2017-09,1.5075
FX,AUD,2017-10,1.521
FX,AUD,2017-11,1.5659
FX,AUD,2017-12,1.5346
FX,AUD,2018-01,1.5357
FX,AUD,2018-02,1.5637
FX,AUD,2018-03,1.6036
FX,AUD,2018-04,1.6013
FX,AUD,2018-05,1.5414
FX,AUD,2018-06,1.5787
FX,AUD,2018-07,1.5804
FX,AUD,2018-08,1.6129
FX,AUD,2018-09,1.6048
FX,AUD,2018-10,1.5972
FX,AUD,2018-11,1.5565
FX,AUD,2018-12,1.622
FX,AUD,2019-01,1.5787
FX,AUD,2019-02,1.5988
FX,AUD,2019-03,1.5821
FX,AUD,2019-04,1.5911
FX,AUD,2019-05,1.6136
FX,AUD,2019-06,1.6244
FX,AUD,2019-07,1.6175
FX,AUD,2019-08,1.6398
FX,AUD,2019-09,1.6126
FX,AUD,2019-10,1.6137
FX,AUD,2019-11,1.6228
FX,AUD,2019-12,1.5995
FX,AUD,2020-01,1.6494
FX,AUD,2020-02,1.6875
FX,AUD,2020-03,1.7967
FX,AUD,2020-04,1.6598
FX,AUD,2020-05,1.6681
FX,AUD,2020-06,1.6344
FX,AUD,2020-07,1.6488
FX,AUD,2020-08,1.6214
FX,AUD,2020-09,1.6438
FX,AUD,2020-10,1.6563
FX,AUD,2020-11,1.6246
FX,AUD,2020-12,1.5896
FX,AUD,2021-01,1.5819
FX,AUD,2021-02,1.5605
FX,AUD,2021-03,1.5412
FX,AUD,2021-04,1.5581
FX,AUD,2021-05,1.5775
FX,AUD,2021-06,1.5853
FX,AUD,2021-07,1.6133
FX,AUD,2021-08,1.6156
FX,AUD,2021-09,1.6095
FX,AUD,2021-10,1.5455
FX,AUD,2021-11,1.5898
FX,AUD,2021-12,1.5615
FX,AUD,2022-01,1.582
FX,AUD,2022-02,1.5508
FX,AUD,2022-03,1.4829
FX,AUD,2022-04,1.4699
FX,AUD,2022-05,1.4933
FX,AUD,2022-06,1.5099
FX,AUD,2022-07,1.4646
FX,AUD,2022-08,1.4591
FX,AUD,2022-09,1.5076
FX,AUD,2022-10,1.5529
FX,AUD,2022-11,1.5425
FX,AUD,2022-12,1.5693
FX,AUD,2023-01,1.5476
FX,AUD,2023-02,1.576
FX,AUD,2023-03,1.6268
FX,AUD,2023-04,1.6664
FX,AUD,2023-05,1.6497
FX,AUD,2023-06,1.6398
FX,AUD,2023-07,1.6436
FX,AUD,2023-08,1.6785
FX,AUD,2023-09,1.6339
FX,AUD,2023-10,1.6739
FX,AUD,2023-11,1.6542
FX,AUD,2023-12,1.6263
FX,AUD,2024-01,1.6468
FX,AUD,2024-02,1.6684
FX,AUD,2024-03,1.6607
FX,AUD,2024-04,1.6423
FX,AUD,2024-05,1.6315
FX,AUD,2024-06,1.6079
FX,AUD,2024-07,1.6635
FX,AUD,2024-08,1.6301
FX,AUD,2024-09,1.6166
FX,AUD,2024-10,1.6559
FX,AUD,2024-11,1.6245
FX,AUD,2024-12,1.6772
FX,AUD,2025-01,1.6702
FX,AUD,2025-02,1.6741
FX,AUD,2025-03,1.7318
FX,AUD,2025-04,1.7798
FX,AUD,2025-05,1.7647
FX,AUD,2025-06,1.7948
FX,AUD,2025-07,1.7762
FX,AUD,2025-08,1.7865
FX,AUD,2025-09,1.776
FX,AUD,2025-10,1.7672
FX,AUD,2025-11,1.7721
FX,AUD,2025-12,1.7581
FX,CAD,2008-01,1.4846
FX,CAD,2008-02,1.4895
FX,CAD,2008-03,1.6226
FX,CAD,2008-04,1.5689
FX,CAD,2008-05,1.5382
FX,CAD,2008-06,1.5942
FX,CAD,2008-07,1.597
FX,CAD,2008-08,1.551
FX,CAD,2008-09,1.4961
FX,CAD,2008-10,1.5681
FX,CAD,2008-11,1.5775
FX,CAD,2008-12,1.6998
FX,CAD,2009-01,1.5895
FX,CAD,2009-02,1.5985
FX,CAD,2009-03,1.6685
FX,CAD,2009-04,1.5786
FX,CAD,2009-05,1.5501
FX,CAD,2009-06,1.6275
FX,CAD,2009-07,1.5234
FX,CAD,2009-08,1.5793
FX,CAD,2009-09,1.5709
FX,CAD,2009-10,1.5952
FX,CAD,2009-11,1.5882
FX,CAD,2009-12,1.5128
FX,CAD,2010-01,1.4924
FX,CAD,2010-02,1.4354
FX,CAD,2010-03,1.3687
FX,CAD,2010-04,1.3379
FX,CAD,2010-05,1.2894
FX,CAD,2010-06,1.289
FX,CAD,2010-07,1.3454
FX,CAD,2010-08,1.3489
FX,CAD,2010-09,1.4073
FX,CAD,2010-10,1.415
FX,CAD,2010-11,1.3306
FX,CAD,2010-12,1.3322
FX,CAD,2011-01,1.3679
FX,CAD,2011-02,1.3535
FX,CAD,2011-03,1.3785
FX,CAD,2011-04,1.4102
FX,CAD,2011-05,1.3985
FX,CAD,2011-06,1.3951
FX,CAD,2011-07,1.3556
FX,CAD,2011-08,1.4141
FX,CAD,2011-09,1.4105
FX,CAD,2011-10,1.393
FX,CAD,2011-11,1.3678
FX,CAD,2011-12,1.3215
FX,CAD,2012-01,1.3134
FX,CAD,2012-02,1.3282
FX,CAD,2012-03,1.3311
FX,CAD,2012-04,1.2985
FX,CAD,2012-05,1.2761
FX,CAD,2012-06,1.2871
FX,CAD,2012-07,1.2312
FX,CAD,2012-08,1.2487
FX,CAD,2012-09,1.2684
FX,CAD,2012-10,1.3005
FX,CAD,2012-11,1.2904
FX,CAD,2012-12,1.3137
FX,CAD,2013-01,1.3577
FX,CAD,2013-02,1.3461
FX,CAD,2013-03,1.3021
FX,CAD,2013-04,1.3213
FX,CAD,2013-05,1.3434
FX,CAD,2013-06,1.3714
FX,CAD,2013-07,1.3669
FX,CAD,2013-08,1.3936
FX,CAD,2013-09,1.3912
FX,CAD,2013-10,1.4251
FX,CAD,2013-11,1.4394
FX,CAD,2013-12,1.4671
FX,CAD,2014-01,1.5131
FX,CAD,2014-02,1.5357
FX,CAD,2014-03,1.5225
FX,CAD,2014-04,1.5191
FX,CAD,2014-05,1.4745
FX,CAD,2014-06,1.4589
FX,CAD,2014-07,1.461
FX,CAD,2014-08,1.4314
FX,CAD,2014-09,1.4058
FX,CAD,2014-10,1.412
FX,CAD,2014-11,1.4227
FX,CAD,2014-12,1.4063
FX,CAD,2015-01,1.4323
FX,CAD,2015-02,1.3995
FX,CAD,2015-03,1.3738
FX,CAD,2015-04,1.348
FX,CAD,2015-05,1.365
FX,CAD,2015-06,1.3839
FX,CAD,2015-07,1.431
FX,CAD,2015-08,1.4863
FX,CAD,2015-09,1.5034
FX,CAD,2015-10,1.4515
FX,CAD,2015-11,1.4143
FX,CAD,2015-12,1.5116
FX,CAD,2016-01,1.5363
FX,CAD,2016-02,1.4767
FX,CAD,2016-03,1.4738
FX,CAD,2016-04,1.4286
FX,CAD,2016-05,1.453
FX,CAD,2016-06,1.4384
FX,CAD,2016-07,1.4643
FX,CAD,2016-08,1.4583
FX,CAD,2016-09,1.469
FX,CAD,2016-10,1.4665
FX,CAD,2016-11,1.4233
FX,CAD,2016-12,1.4188
FX,CAD,2017-01,1.4056
FX,CAD,2017-02,1.3984
FX,CAD,2017-03,1.4265
FX,CAD,2017-04,1.4914
FX,CAD,2017-05,1.5108
FX,CAD,2017-06,1.4785
FX,CAD,2017-07,1.4625
FX,CAD,2017-08,1.497
FX,CAD,2017-09,1.4687
FX,CAD,2017-10,1.5004
FX,CAD,2017-11,1.5267
FX,CAD,2017-12,1.5039
FX,CAD,2018-01,1.529
FX,CAD,2018-02,1.5608
FX,CAD,2018-03,1.5895
FX,CAD,2018-04,1.5542
FX,CAD,2018-05,1.5038
FX,CAD,2018-06,1.5442
FX,CAD,2018-07,1.5298
FX,CAD,2018-08,1.5192
FX,CAD,2018-09,1.5064
FX,CAD,2018-10,1.4856
FX,CAD,2018-11,1.5116
FX,CAD,2018-12,1.5605
FX,CAD,2019-01,1.5109
FX,CAD,2019-02,1.5042
FX,CAD,2019-03,1.5
FX,CAD,2019-04,1.5075
FX,CAD,2019-05,1.5115
FX,CAD,2019-06,1.4893
FX,CAD,2019-07,1.4662
FX,CAD,2019-08,1.4658
FX,CAD,2019-09,1.4426
FX,CAD,2019-10,1.4673
FX,CAD,2019-11,1.4614
FX,CAD,2019-12,1.4598
FX,CAD,2020-01,1.4627
FX,CAD,2020-02,1.4757
FX,CAD,2020-03,1.5617
FX,CAD,2020-04,1.5077
FX,CAD,2020-05,1.528
FX,CAD,2020-06,1.5324
FX,CAD,2020-07,1.5898
FX,CAD,2020-08,1.5601
FX,CAD,2020-09,1.5676
FX,CAD,2020-10,1.5556
FX,CAD,2020-11,1.5516
FX,CAD,2020-12,1.5633
FX,CAD,2021-01,1.552
FX,CAD,2021-02,1.5331
FX,CAD,2021-03,1.4782
FX,CAD,2021-04,1.4834
FX,CAD,2021-05,1.4727
FX,CAD,2021-06,1.4722
FX,CAD,2021-07,1.4791
FX,CAD,2021-08,1.4896
FX,CAD,2021-09,1.475
FX,CAD,2021-10,1.4383
FX,CAD,2021-11,1.4518
FX,CAD,2021-12,1.4393
FX,CAD,2022-01,1.4233
FX,CAD,2022-02,1.4264
FX,CAD,2022-03,1.3896
FX,CAD,2022-04,1.3426
FX,CAD,2022-05,1.3573
FX,CAD,2022-06,1.3425
FX,CAD,2022-07,1.31
FX,CAD,2022-08,1.3111
FX,CAD,2022-09,1.3401
FX,CAD,2022-10,1.3553
FX,CAD,2022-11,1.4021
FX,CAD,2022-12,1.444
FX,CAD,2023-01,1.457
FX,CAD,2023-02,1.4411
FX,CAD,2023-03,1.4737
FX,CAD,2023-04,1.4981
FX,CAD,2023-05,1.4582
FX,CAD,2023-06,1.4415
FX,CAD,2023-07,1.4566
FX,CAD,2023-08,1.4721
FX,CAD,2023-09,1.4227
FX,CAD,2023-10,1.4712
FX,CAD,2023-11,1.487
FX,CAD,2023-12,1.4642
FX,CAD,2024-01,1.4558
FX,CAD,2024-02,1.4719
FX,CAD,2024-03,1.4672
FX,CAD,2024-04,1.4672
FX,CAD,2024-05,1.4804
FX,CAD,2024-06,1.467
FX,CAD,2024-07,1.4977
FX,CAD,2024-08,1.4941
FX,CAD,2024-09,1.5133
FX,CAD,2024-10,1.5134
FX,CAD,2024-11,1.4796
FX,CAD,2024-12,1.4948
FX,CAD,2025-01,1.5035
FX,CAD,2025-02,1.5019
FX,CAD,2025-03,1.5533
FX,CAD,2025-04,1.5728
FX,CAD,2025-05,1.5656
FX,CAD,2025-06,1.6027
FX,CAD,2025-07,1.5838
FX,CAD,2025-08,1.6031
FX,CAD,2025-09,1.6346
FX,CAD,2025-10,1.6207
FX,CAD,2025-11,1.621
FX,CAD,2025-12,1.6088
FX,CHF,2008-01,1.6051
FX,CHF,2008-02,1.5885
FX,CHF,2008-03,1.5738
FX,CHF,2008-04,1.6147
FX,CHF,2008-05,1.6276
FX,CHF,2008-06,1.6056
FX,CHF,2008-07,1.6354
FX,CHF,2008-08,1.6164
FX,CHF,2008-09,1.5774
FX,CHF,2008-10,1.4686
FX,CHF,2008-11,1.5455
FX,CHF,2008-12,1.485
FX,CHF,2009-01,1.4871
FX,CHF,2009-02,1.4841
FX,CHF,2009-03,1.5152
FX,CHF,2009-04,1.5066
FX,CHF,2009-05,1.5128
FX,CHF,2009-06,1.5265
FX,CHF,2009-07,1.5317
FX,CHF,2009-08,1.5168
FX,CHF,2009-09,1.5078
FX,CHF,2009-10,1.5123
FX,CHF,2009-11,1.5071
FX,CHF,2009-12,1.4836
FX,CHF,2010-01,1.4662
FX,CHF,2010-02,1.4638
FX,CHF,2010-03,1.4276
FX,CHF,2010-04,1.4341
FX,CHF,2010-05,1.423
FX,CHF,2010-06,1.3283
FX,CHF,2010-07,1.3541
FX,CHF,2010-08,1.2935
FX,CHF,2010-09,1.3287
FX,CHF,2010-10,1.3708
FX,CHF,2010-11,1.299
FX,CHF,2010-12,1.2504
FX,CHF,2011-01,1.2891
FX,CHF,2011-02,1.284
FX,CHF,2011-03,1.3005
FX,CHF,2011-04,1.2867
FX,CHF,2011-05,1.2275
FX,CHF,2011-06,1.2071
FX,CHF,2011-07,1.1418
FX,CHF,2011-08,1.167
FX,CHF,2011-09,1.217
FX,CHF,2011-10,1.2191
FX,CHF,2011-11,1.2265
FX,CHF,2011-12,1.2156
FX,CHF,2012-01,1.2048
FX,CHF,2012-02,1.2051
FX,CHF,2012-03,1.2045
FX,CHF,2012-04,1.2018
FX,CHF,2012-05,1.201
FX,CHF,2012-06,1.203
FX,CHF,2012-07,1.2014
FX,CHF,2012-08,1.2009
FX,CHF,2012-09,1.2099
FX,CHF,2012-10,1.2076
FX,CHF,2012-11,1.2054
FX,CHF,2012-12,1.2072
FX,CHF,2013-01,1.2342
FX,CHF,2013-02,1.2209
FX,CHF,2013-03,1.2195
FX,CHF,2013-04,1.2238
FX,CHF,2013-05,1.2406
FX,CHF,2013-06,1.2338
FX,CHF,2013-07,1.2317
FX,CHF,2013-08,1.231
FX,CHF,2013-09,1.2225
FX,CHF,2013-10,1.2333
FX,CHF,2013-11,1.2298
FX,CHF,2013-12,1.2276
FX,CHF,2014-01,1.222
FX,CHF,2014-02,1.2153
FX,CHF,2014-03,1.2194
FX,CHF,2014-04,1.22
FX,CHF,2014-05,1.2204
FX,CHF,2014-06,1.2156
FX,CHF,2014-07,1.2169
FX,CHF,2014-08,1.2061
FX,CHF,2014-09,1.2063
FX,CHF,2014-10,1.2067
FX,CHF,2014-11,1.2018
FX,CHF,2014-12,1.2024
FX,CHF,2015-01,1.0468
FX,CHF,2015-02,1.0636
FX,CHF,2015-03,1.0463
FX,CHF,2015-04,1.0486
FX,CHF,2015-05,1.0341
FX,CHF,2015-06,1.0413
FX,CHF,2015-07,1.0565
FX,CHF,2015-08,1.0825
FX,CHF,2015-09,1.0915
FX,CHF,2015-10,1.09
FX,CHF,2015-11,1.0903
FX,CHF,2015-12,1.0835
FX,CHF,2016-01,1.1144
FX,CHF,2016-02,1.0914
FX,CHF,2016-03,1.0931
FX,CHF,2016-04,1.0984
FX,CHF,2016-05,1.1044
FX,CHF,2016-06,1.0867
FX,CHF,2016-07,1.0823
FX,CHF,2016-08,1.0957
FX,CHF,2016-09,1.0876
FX,CHF,2016-10,1.082
FX,CHF,2016-11,1.0803
FX,CHF,2016-12,1.0739
FX,CHF,2017-01,1.0668
FX,CHF,2017-02,1.0648
FX,CHF,2017-03,1.0696
FX,CHF,2017-04,1.0831
FX,CHF,2017-05,1.0896
FX,CHF,2017-06,1.093
FX,CHF,2017-07,1.1359
FX,CHF,2017-08,1.1446
FX,CHF,2017-09,1.1457
FX,CHF,2017-10,1.1622
FX,CHF,2017-11,1.1699
FX,CHF,2017-12,1.1702
FX,CHF,2018-01,1.1631
FX,CHF,2018-02,1.152
FX,CHF,2018-03,1.1779
FX,CHF,2018-04,1.1968
FX,CHF,2018-05,1.1526
FX,CHF,2018-06,1.1569
FX,CHF,2018-07,1.1592
FX,CHF,2018-08,1.1281
FX,CHF,2018-09,1.1316
FX,CHF,2018-10,1.1399
FX,CHF,2018-11,1.134
FX,CHF,2018-12,1.1269
FX,CHF,2019-01,1.1409
FX,CHF,2019-02,1.1335
FX,CHF,2019-03,1.1181
FX,CHF,2019-04,1.1437
FX,CHF,2019-05,1.1214
FX,CHF,2019-06,1.1105
FX,CHF,2019-07,1.1041
FX,CHF,2019-08,1.0909
FX,CHF,2019-09,1.0847
FX,CHF,2019-10,1.1007
FX,CHF,2019-11,1.0998
FX,CHF,2019-12,1.0854
FX,CHF,2020-01,1.0694
FX,CHF,2020-02,1.0614
FX,CHF,2020-03,1.0585
FX,CHF,2020-04,1.0558
FX,CHF,2020-05,1.072
FX,CHF,2020-06,1.0651
FX,CHF,2020-07,1.0769
FX,CHF,2020-08,1.0774
FX,CHF,2020-09,1.0804
FX,CHF,2020-10,1.0698
FX,CHF,2020-11,1.0839
FX,CHF,2020-12,1.0802
FX,CHF,2021-01,1.0798
FX,CHF,2021-02,1.0986
FX,CHF,2021-03,1.107
FX,CHF,2021-04,1.0998
FX,CHF,2021-05,1.0982
FX,CHF,2021-06,1.098
FX,CHF,2021-07,1.0771
FX,CHF,2021-08,1.0799
FX,CHF,2021-09,1.083
FX,CHF,2021-10,1.0611
FX,CHF,2021-11,1.043
FX,CHF,2021-12,1.0331
FX,CHF,2022-01,1.0404
FX,CHF,2022-02,1.0336
FX,CHF,2022-03,1.0267
FX,CHF,2022-04,1.0229
FX,CHF,2022-05,1.0281
FX,CHF,2022-06,0.996
FX,CHF,2022-07,0.9744
FX,CHF,2022-08,0.9796
FX,CHF,2022-09,0.9561
FX,CHF,2022-10,0.9925
FX,CHF,2022-11,0.9854
FX,CHF,2022-12,0.9847
FX,CHF,2023-01,1.0032
FX,CHF,2023-02,0.9947
FX,CHF,2023-03,0.9968
FX,CHF,2023-04,0.9839
FX,CHF,2023-05,0.9724
FX,CHF,2023-06,0.9788
FX,CHF,2023-07,0.9619
FX,CHF,2023-08,0.9584
FX,CHF,2023-09,0.9669
FX,CHF,2023-10,0.9607
FX,CHF,2023-11,0.9562
FX,CHF,2023-12,0.926
FX,CHF,2024-01,0.9348
FX,CHF,2024-02,0.9534
FX,CHF,2024-03,0.9766
FX,CHF,2024-04,0.9787
FX,CHF,2024-05,0.9818
FX,CHF,2024-06,0.9634
FX,CHF,2024-07,0.9533
FX,CHF,2024-08,0.9416
FX,CHF,2024-09,0.9439
FX,CHF,2024-10,0.9412
FX,CHF,2024-11,0.9309
FX,CHF,2024-12,0.9412
FX,CHF,2025-01,0.9449
FX,CHF,2025-02,0.9394
FX,CHF,2025-03,0.9531
FX,CHF,2025-04,0.9389
FX,CHF,2025-05,0.9341
FX,CHF,2025-06,0.9347
FX,CHF,2025-07,0.9297
FX,CHF,2025-08,0.9364
FX,CHF,2025-09,0.9364
FX,CHF,2025-10,0.9287
FX,CHF,2025-11,0.9318
FX,CHF,2025-12,0.9314
FX,GBP,2008-01,0.7477
FX,GBP,2008-02,0.7652
FX,GBP,2008-03,0.7958
FX,GBP,2008-04,0.79015
FX,GBP,2008-05,0.786
FX,GBP,2008-06,0.79225
FX,GBP,2008-07,0.78895
FX,GBP,2008-08,0.805
FX,GBP,2008-09,0.7903
FX,GBP,2008-10,0.7869
FX,GBP,2008-11,0.8299
FX,GBP,2008-12,0.9525
FX,GBP,2009-01,0.89785
FX,GBP,2009-02,0.8931
FX,GBP,2009-03,0.9308
FX,GBP,2009-04,0.89335
FX,GBP,2009-05,0.8729
FX,GBP,2009-06,0.8521
FX,GBP,2009-07,0.8556
FX,GBP,2009-08,0.88135
FX,GBP,2009-09,0.9093
FX,GBP,2009-10,0.89375
FX,GBP,2009-11,0.91155
FX,GBP,2009-12,0.8881
FX,GBP,2010-01,0.86655
FX,GBP,2010-02,0.8927
FX,GBP,2010-03,0.8898
FX,GBP,2010-04,0.8703
FX,GBP,2010-05,0.84863
FX,GBP,2010-06,0.81745
FX,GBP,2010-07,0.8349
FX,GBP,2010-08,0.8248
FX,GBP,2010-09,0.85995
FX,GBP,2010-10,0.8686
FX,GBP,2010-11,0.83765
FX,GBP,2010-12,0.86075
FX,GBP,2011-01,0.8609
FX,GBP,2011-02,0.8528
FX,GBP,2011-03,0.8837
FX,GBP,2011-04,0.8917
FX,GBP,2011-05,0.87205
FX,GBP,2011-06,0.90255
FX,GBP,2011-07,0.87485
FX,GBP,2011-08,0.8856
FX,GBP,2011-09,0.86665
FX,GBP,2011-10,0.8731
FX,GBP,2011-11,0.8558
FX,GBP,2011-12,0.8353
FX,GBP,2012-01,0.8351
FX,GBP,2012-02,0.8439
FX,GBP,2012-03,0.8339
FX,GBP,2012-04,0.81295
FX,GBP,2012-05,0.7999
FX,GBP,2012-06,0.8068
FX,GBP,2012-07,0.78395
FX,GBP,2012-08,0.79525
FX,GBP,2012-09,0.79805
FX,GBP,2012-10,0.80645
FX,GBP,2012-11,0.8108
FX,GBP,2012-12,0.8161
FX,GBP,2013-01,0.857
FX,GBP,2013-02,0.863
FX,GBP,2013-03,0.8456
FX,GBP,2013-04,0.8443
FX,GBP,2013-05,0.85365
FX,GBP,2013-06,0.8572
FX,GBP,2013-07,0.8735
FX,GBP,2013-08,0.85395
FX,GBP,2013-09,0.83605
FX,GBP,2013-10,0.8502
FX,GBP,2013-11,0.83275
FX,GBP,2013-12,0.8337
FX,GBP,2014-01,0.82135
FX,GBP,2014-02,0.82625
FX,GBP,2014-03,0.8282
FX,GBP,2014-04,0.823
FX,GBP,2014-05,0.8131
FX,GBP,2014-06,0.8015
FX,GBP,2014-07,0.7928
FX,GBP,2014-08,0.7953
FX,GBP,2014-09,0.7773
FX,GBP,2014-10,0.78425
FX,GBP,2014-11,0.7953
FX,GBP,2014-12,0.7789
FX,GBP,2015-01,0.7511
FX,GBP,2015-02,0.7278
FX,GBP,2015-03,0.7273
FX,GBP,2015-04,0.7267
FX,GBP,2015-05,0.719
FX,GBP,2015-06,0.7114
FX,GBP,2015-07,0.7041
FX,GBP,2015-08,0.72753
FX,GBP,2015-09,0.7385
FX,GBP,2015-10,0.7182
FX,GBP,2015-11,0.7048
FX,GBP,2015-12,0.73395
FX,GBP,2016-01,0.7641
FX,GBP,2016-02,0.7858
FX,GBP,2016-03,0.79155
FX,GBP,2016-04,0.78025
FX,GBP,2016-05,0.76185
FX,GBP,2016-06,0.8265
FX,GBP,2016-07,0.844
FX,GBP,2016-08,0.84806
FX,GBP,2016-09,0.86103
FX,GBP,2016-10,0.9005
FX,GBP,2016-11,0.8525
FX,GBP,2016-12,0.85618
FX,GBP,2017-01,0.86105
FX,GBP,2017-02,0.85305
FX,GBP,2017-03,0.85553
FX,GBP,2017-04,0.84473
FX,GBP,2017-05,0.87365
FX,GBP,2017-06,0.87933
FX,GBP,2017-07,0.8942
FX,GBP,2017-08,0.91973
FX,GBP,2017-09,0.88178
FX,GBP,2017-10,0.87853
FX,GBP,2017-11,0.87985
FX,GBP,2017-12,0.88723
FX,GBP,2018-01,0.8791
FX,GBP,2018-02,0.88415
FX,GBP,2018-03,0.8749
FX,GBP,2018-04,0.8796
FX,GBP,2018-05,0.8768
FX,GBP,2018-06,0.88605
FX,GBP,2018-07,0.8922
FX,GBP,2018-08,0.8974
FX,GBP,2018-09,0.8873
FX,GBP,2018-10,0.88873
FX,GBP,2018-11,0.89068
FX,GBP,2018-12,0.89453
FX,GBP,2019-01,0.87578
FX,GBP,2019-02,0.85835
FX,GBP,2019-03,0.8583
FX,GBP,2019-04,0.86248
FX,GBP,2019-05,0.88693
FX,GBP,2019-06,0.89655
FX,GBP,2019-07,0.91623
FX,GBP,2019-08,0.90565
FX,GBP,2019-09,0.88573
FX,GBP,2019-10,0.86133
FX,GBP,2019-11,0.85225
FX,GBP,2019-12,0.8508
FX,GBP,2020-01,0.84175
FX,GBP,2020-02,0.85315
FX,GBP,2020-03,0.88643
FX,GBP,2020-04,0.86905
FX,GBP,2020-05,0.90088
FX,GBP,2020-06,0.91243
FX,GBP,2020-07,0.90053
FX,GBP,2020-08,0.89605
FX,GBP,2020-09,0.91235
FX,GBP,2020-10,0.90208
FX,GBP,2020-11,0.89845
FX,GBP,2020-12,0.89903
FX,GBP,2021-01,0.88383
FX,GBP,2021-02,0.87053
FX,GBP,2021-03,0.85209
FX,GBP,2021-04,0.86863
FX,GBP,2021-05,0.86013
FX,GBP,2021-06,0.85805
FX,GBP,2021-07,0.8514
FX,GBP,2021-08,0.85875
FX,GBP,2021-09,0.86053
FX,GBP,2021-10,0.8449
FX,GBP,2021-11,0.85173
FX,GBP,2021-12,0.84028
FX,GBP,2022-01,0.83153
FX,GBP,2022-02,0.8355
FX,GBP,2022-03,0.84595
FX,GBP,2022-04,0.83908
FX,GBP,2022-05,0.85138
FX,GBP,2022-06,0.8582
FX,GBP,2022-07,0.8399
FX,GBP,2022-08,0.86035
FX,GBP,2022-09,0.883
FX,GBP,2022-10,0.86115
FX,GBP,2022-11,0.86488
FX,GBP,2022-12,0.88693
FX,GBP,2023-01,0.88073
FX,GBP,2023-02,0.87701
FX,GBP,2023-03,0.8792
FX,GBP,2023-04,0.8805
FX,GBP,2023-05,0.86405
FX,GBP,2023-06,0.85828
FX,GBP,2023-07,0.85765
FX,GBP,2023-08,0.85718
FX,GBP,2023-09,0.86458
FX,GBP,2023-10,0.87366
FX,GBP,2023-11,0.86368
FX,GBP,2023-12,0.86905
FX,GBP,2024-01,0.85435
FX,GBP,2024-02,0.85655
FX,GBP,2024-03,0.8551
FX,GBP,2024-04,0.85478
FX,GBP,2024-05,0.85365
FX,GBP,2024-06,0.84638
FX,GBP,2024-07,0.8438
FX,GBP,2024-08,0.8412
FX,GBP,2024-09,0.83543
FX,GBP,2024-10,0.83753
FX,GBP,2024-11,0.83205
FX,GBP,2024-12,0.82918
FX,GBP,2025-01,0.83608
FX,GBP,2025-02,0.82608
FX,GBP,2025-03,0.83536
FX,GBP,2025-04,0.8518
FX,GBP,2025-05,0.8412
FX,GBP,2025-06,0.8555
FX,GBP,2025-07,0.8649
FX,GBP,2025-08,0.8668
FX,GBP,2025-09,0.8734
FX,GBP,2025-10,0.8816
FX,GBP,2025-11,0.8752
FX,GBP,2025-12,0.8726
FX,JPY,2008-01,157.93
FX,JPY,2008-02,158.03
FX,JPY,2008-03,157.37
FX,JPY,2008-04,162.62
FX,JPY,2008-05,163.74
FX,JPY,2008-06,166.44
FX,JPY,2008-07,169.02
FX,JPY,2008-08,160.22
FX,JPY,2008-09,150.47
FX,JPY,2008-10,124.97
FX,JPY,2008-11,121.46
FX,JPY,2008-12,126.14
FX,JPY,2009-01,114.98
FX,JPY,2009-02,123.23
FX,JPY,2009-03,131.17
FX,JPY,2009-04,130.34
FX,JPY,2009-05,135.22
FX,JPY,2009-06,135.51
FX,JPY,2009-07,135.33
FX,JPY,2009-08,133.1
FX,JPY,2009-09,131.07
FX,JPY,2009-10,134.66
FX,JPY,2009-11,129.77
FX,JPY,2009-12,133.16
FX,JPY,2010-01,126.15
FX,JPY,2010-02,120.92
FX,JPY,2010-03,125.93
FX,JPY,2010-04,125.81
FX,JPY,2010-05,112.62
FX,JPY,2010-06,108.79
FX,JPY,2010-07,112.62
FX,JPY,2010-08,107.07
FX,JPY,2010-09,113.68
FX,JPY,2010-10,111.87
FX,JPY,2010-11,109
FX,JPY,2010-12,108.65
FX,JPY,2011-01,112.49
FX,JPY,2011-02,113.26
FX,JPY,2011-03,117.61
FX,JPY,2011-04,120.67
FX,JPY,2011-05,117.22
FX,JPY,2011-06,116.25
FX,JPY,2011-07,110.59
FX,JPY,2011-08,110.55
FX,JPY,2011-09,103.79
FX,JPY,2011-10,109.22
FX,JPY,2011-11,104
FX,JPY,2011-12,100.2
FX,JPY,2012-01,100.63
FX,JPY,2012-02,107.92
FX,JPY,2012-03,109.56
FX,JPY,2012-04,105.85
FX,JPY,2012-05,97.66
FX,JPY,2012-06,100.13
FX,JPY,2012-07,96.03
FX,JPY,2012-08,98.96
FX,JPY,2012-09,100.37
FX,JPY,2012-10,103.78
FX,JPY,2012-11,107.37
FX,JPY,2012-12,113.61
FX,JPY,2013-01,123.32
FX,JPY,2013-02,121.07
FX,JPY,2013-03,120.87
FX,JPY,2013-04,127.35
FX,JPY,2013-05,130.47
FX,JPY,2013-06,129.39
FX,JPY,2013-07,130
FX,JPY,2013-08,130.01
FX,JPY,2013-09,131.78
FX,JPY,2013-10,133.99
FX,JPY,2013-11,139.21
FX,JPY,2013-12,144.72
FX,JPY,2014-01,138.13
FX,JPY,2014-02,140.63
FX,JPY,2014-03,142.42
FX,JPY,2014-04,142.07
FX,JPY,2014-05,138.36
FX,JPY,2014-06,138.44
FX,JPY,2014-07,137.66
FX,JPY,2014-08,137.11
FX,JPY,2014-09,138.11
FX,JPY,2014-10,140.18
FX,JPY,2014-11,147.69
FX,JPY,2014-12,145.23
FX,JPY,2015-01,133.08
FX,JPY,2015-02,134.05
FX,JPY,2015-03,128.95
FX,JPY,2015-04,133.26
FX,JPY,2015-05,135.95
FX,JPY,2015-06,137.01
FX,JPY,2015-07,136.34
FX,JPY,2015-08,136.07
FX,JPY,2015-09,134.69
FX,JPY,2015-10,132.88
FX,JPY,2015-11,130.22
FX,JPY,2015-12,131.07
FX,JPY,2016-01,132.25
FX,JPY,2016-02,123.14
FX,JPY,2016-03,127.9
FX,JPY,2016-04,122.34
FX,JPY,2016-05,123.83
FX,JPY,2016-06,114.05
FX,JPY,2016-07,114.83
FX,JPY,2016-08,115.01
FX,JPY,2016-09,113.09
FX,JPY,2016-10,114.97
FX,JPY,2016-11,120.48
FX,JPY,2016-12,123.4
FX,JPY,2017-01,121.94
FX,JPY,2017-02,118.83
FX,JPY,2017-03,119.55
FX,JPY,2017-04,121.76
FX,JPY,2017-05,124.4
FX,JPY,2017-06,127.75
FX,JPY,2017-07,129.7
FX,JPY,2017-08,130.81
FX,JPY,2017-09,132.82
FX,JPY,2017-10,132
FX,JPY,2017-11,133.08
FX,JPY,2017-12,135.01
FX,JPY,2018-01,135.6
FX,JPY,2018-02,130.72
FX,JPY,2018-03,131.15
FX,JPY,2018-04,132.12
FX,JPY,2018-05,127.33
FX,JPY,2018-06,129.04
FX,JPY,2018-07,130.84
FX,JPY,2018-08,129.05
FX,JPY,2018-09,131.23
FX,JPY,2018-10,128.15
FX,JPY,2018-11,128.99
FX,JPY,2018-12,125.85
FX,JPY,2019-01,124.81
FX,JPY,2019-02,126.44
FX,JPY,2019-03,124.45
FX,JPY,2019-04,124.93
FX,JPY,2019-05,121.27
FX,JPY,2019-06,122.6
FX,JPY,2019-07,121.04
FX,JPY,2019-08,117.28
FX,JPY,2019-09,117.59
FX,JPY,2019-10,120.73
FX,JPY,2019-11,120.43
FX,JPY,2019-12,121.94
FX,JPY,2020-01,120.35
FX,JPY,2020-02,119.36
FX,JPY,2020-03,118.9
FX,JPY,2020-04,115.87
FX,JPY,2020-05,119.29
FX,JPY,2020-06,120.66
FX,JPY,2020-07,124.31
FX,JPY,2020-08,126.47
FX,JPY,2020-09,123.76
FX,JPY,2020-10,122.36
FX,JPY,2020-11,124.79
FX,JPY,2020-12,126.49
FX,JPY,2021-01,127.05
FX,JPY,2021-02,128.83
FX,JPY,2021-03,129.91
FX,JPY,2021-04,131.62
FX,JPY,2021-05,133.79
FX,JPY,2021-06,131.43
FX,JPY,2021-07,130.39
FX,JPY,2021-08,129.95
FX,JPY,2021-09,129.67
FX,JPY,2021-10,132.62
FX,JPY,2021-11,128.2
FX,JPY,2021-12,130.38
FX,JPY,2022-01,128.79
FX,JPY,2022-02,129.31
FX,JPY,2022-03,135.17
FX,JPY,2022-04,137.01
FX,JPY,2022-05,137.36
FX,JPY,2022-06,141.54
FX,JPY,2022-07,136.42
FX,JPY,2022-08,138.72
FX,JPY,2022-09,141.01
FX,JPY,2022-10,147.4
FX,JPY,2022-11,144.28
FX,JPY,2022-12,140.66
FX,JPY,2023-01,141.27
FX,JPY,2023-02,145.23
FX,JPY,2023-03,144.83
FX,JPY,2023-04,149.35
FX,JPY,2023-05,149.13
FX,JPY,2023-06,157.16
FX,JPY,2023-07,156.73
FX,JPY,2023-08,158.49
FX,JPY,2023-09,158.1
FX,JPY,2023-10,160.3
FX,JPY,2023-11,161.19
FX,JPY,2023-12,156.33
FX,JPY,2024-01,160.19
FX,JPY,2024-02,162.53
FX,JPY,2024-03,163.45
FX,JPY,2024-04,168.27
FX,JPY,2024-05,170.52
FX,JPY,2024-06,171.94
FX,JPY,2024-07,162.76
FX,JPY,2024-08,161.19
FX,JPY,2024-09,159.82
FX,JPY,2024-10,166.3
FX,JPY,2024-11,158.64
FX,JPY,2024-12,163.06
FX,JPY,2025-01,160.99
FX,JPY,2025-02,156.96
FX,JPY,2025-03,161.6
FX,JPY,2025-04,162.68
FX,JPY,2025-05,162.96
FX,JPY,2025-06,169.17
FX,JPY,2025-07,171.52
FX,JPY,2025-08,171.72
FX,JPY,2025-09,173.76
FX,JPY,2025-10,178.14
FX,JPY,2025-11,180.57
FX,JPY,2025-12,184.09
FX,NOK,2008-01,8.076
FX,NOK,2008-02,7.914
FX,NOK,2008-03,8.051
FX,NOK,2008-04,7.974
FX,NOK,2008-05,7.908
FX,NOK,2008-06,8.009
FX,NOK,2008-07,8.0205
FX,NOK,2008-08,7.9435
FX,NOK,2008-09,8.333
FX,NOK,2008-10,8.53
FX,NOK,2008-11,8.92
FX,NOK,2008-12,9.75
FX,NOK,2009-01,8.8875
FX,NOK,2009-02,8.886
FX,NOK,2009-03,8.89
FX,NOK,2009-04,8.7245
FX,NOK,2009-05,8.8785
FX,NOK,2009-06,9.018
FX,NOK,2009-07,8.715
FX,NOK,2009-08,8.607
FX,NOK,2009-09,8.46
FX,NOK,2009-10,8.3915
FX,NOK,2009-11,8.5125
FX,NOK,2009-12,8.3
FX,NOK,2010-01,8.212
FX,NOK,2010-02,8.0435
FX,NOK,2010-03,8.0135
FX,NOK,2010-04,7.8445
FX,NOK,2010-05,7.939
FX,NOK,2010-06,7.9725
FX,NOK,2010-07,7.9405
FX,NOK,2010-08,8.0245
FX,NOK,2010-09,7.968
FX,NOK,2010-10,8.192
FX,NOK,2010-11,8.091
FX,NOK,2010-12,7.8
FX,NOK,2011-01,7.927
FX,NOK,2011-02,7.709
FX,NOK,2011-03,7.833
FX,NOK,2011-04,7.782
FX,NOK,2011-05,7.759
FX,NOK,2011-06,7.7875
FX,NOK,2011-07,7.737
FX,NOK,2011-08,7.7395
FX,NOK,2011-09,7.888
FX,NOK,2011-10,7.7015
FX,NOK,2011-11,7.753
FX,NOK,2011-12,7.754
FX,NOK,2012-01,7.656
FX,NOK,2012-02,7.4405
FX,NOK,2012-03,7.604
FX,NOK,2012-04,7.5875
FX,NOK,2012-05,7.5235
FX,NOK,2012-06,7.533
FX,NOK,2012-07,7.4215
FX,NOK,2012-08,7.2925
FX,NOK,2012-09,7.3695
FX,NOK,2012-10,7.3855
FX,NOK,2012-11,7.376
FX,NOK,2012-12,7.3483
FX,NOK,2013-01,7.435
FX,NOK,2013-02,7.487
FX,NOK,2013-03,7.512
FX,NOK,2013-04,7.6075
FX,NOK,2013-05,7.614
FX,NOK,2013-06,7.8845
FX,NOK,2013-07,7.8655
FX,NOK,2013-08,8.0905
FX,NOK,2013-09,8.114
FX,NOK,2013-10,8.104
FX,NOK,2013-11,8.32
FX,NOK,2013-12,8.363
FX,NOK,2014-01,8.511
FX,NOK,2014-02,8.275
FX,NOK,2014-03,8.255
FX,NOK,2014-04,8.272
FX,NOK,2014-05,8.1425
FX,NOK,2014-06,8.4035
FX,NOK,2014-07,8.405
FX,NOK,2014-08,8.1465
FX,NOK,2014-09,8.119
FX,NOK,2014-10,8.49
FX,NOK,2014-11,8.6975
FX,NOK,2014-12,9.042
FX,NOK,2015-01,8.8335
FX,NOK,2015-02,8.574
FX,NOK,2015-03,8.7035
FX,NOK,2015-04,8.3845
FX,NOK,2015-05,8.536
FX,NOK,2015-06,8.791
FX,NOK,2015-07,9.0015
FX,NOK,2015-08,9.3585
FX,NOK,2015-09,9.5245
FX,NOK,2015-10,9.393
FX,NOK,2015-11,9.1935
FX,NOK,2015-12,9.603
FX,NOK,2016-01,9.4845
FX,NOK,2016-02,9.5043
FX,NOK,2016-03,9.4145
FX,NOK,2016-04,9.215
FX,NOK,2016-05,9.32
FX,NOK,2016-06,9.3008
FX,NOK,2016-07,9.5092
FX,NOK,2016-08,9.2765
FX,NOK,2016-09,8.9865
FX,NOK,2016-10,9.0345
FX,NOK,2016-11,9.019
FX,NOK,2016-12,9.0863
FX,NOK,2017-01,8.888
FX,NOK,2017-02,8.8693
FX,NOK,2017-03,9.1683
FX,NOK,2017-04,9.3243
FX,NOK,2017-05,9.4388
FX,NOK,2017-06,9.5713
FX,NOK,2017-07,9.305
FX,NOK,2017-08,9.279
FX,NOK,2017-09,9.4125
FX,NOK,2017-10,9.5238
FX,NOK,2017-11,9.8398
FX,NOK,2017-12,9.8403
FX,NOK,2018-01,9.562
FX,NOK,2018-02,9.6153
FX,NOK,2018-03,9.677
FX,NOK,2018-04,9.662
FX,NOK,2018-05,9.5375
FX,NOK,2018-06,9.5115
FX,NOK,2018-07,9.5338
FX,NOK,2018-08,9.7148
FX,NOK,2018-09,9.4665
FX,NOK,2018-10,9.5528
FX,NOK,2018-11,9.74
FX,NOK,2018-12,9.9483
FX,NOK,2019-01,9.6623
FX,NOK,2019-02,9.7268
FX,NOK,2019-03,9.659
FX,NOK,2019-04,9.6678
FX,NOK,2019-05,9.7915
FX,NOK,2019-06,9.6938
FX,NOK,2019-07,9.7778
FX,NOK,2019-08,10.038
FX,NOK,2019-09,9.8953
FX,NOK,2019-10,10.252
FX,NOK,2019-11,10.1045
FX,NOK,2019-12,9.8638
FX,NOK,2020-01,10.1893
FX,NOK,2020-02,10.3888
FX,NOK,2020-03,11.51
FX,NOK,2020-04,11.184
FX,NOK,2020-05,10.788
FX,NOK,2020-06,10.912
FX,NOK,2020-07,10.7323
FX,NOK,2020-08,10.455
FX,NOK,2020-09,11.1008
FX,NOK,2020-10,11.094
FX,NOK,2020-11,10.561
FX,NOK,2020-12,10.4703
FX,NOK,2021-01,10.343
FX,NOK,2021-02,10.4012
FX,NOK,2021-03,9.9955
FX,NOK,2021-04,9.9533
FX,NOK,2021-05,10.2183
FX,NOK,2021-06,10.1717
FX,NOK,2021-07,10.4405
FX,NOK,2021-08,10.26
FX,NOK,2021-09,10.165
FX,NOK,2021-10,9.7495
FX,NOK,2021-11,10.2795
FX,NOK,2021-12,9.9888
FX,NOK,2022-01,10.0085
FX,NOK,2022-02,9.9465
FX,NOK,2022-03,9.711
FX,NOK,2022-04,9.7525
FX,NOK,2022-05,10.0983
FX,NOK,2022-06,10.3485
FX,NOK,2022-07,9.8773
FX,NOK,2022-08,9.9388
FX,NOK,2022-09,10.5838
FX,NOK,2022-10,10.3028
FX,NOK,2022-11,10.2648
FX,NOK,2022-12,10.5138
FX,NOK,2023-01,10.9083
FX,NOK,2023-02,10.9713
FX,NOK,2023-03,11.394
FX,NOK,2023-04,11.791
FX,NOK,2023-05,12.0045
FX,NOK,2023-06,11.704
FX,NOK,2023-07,11.1805
FX,NOK,2023-08,11.58
FX,NOK,2023-09,11.2535
FX,NOK,2023-10,11.8735
FX,NOK,2023-11,11.72
FX,NOK,2023-12,11.2405
FX,NOK,2024-01,11.351
FX,NOK,2024-02,11.492
FX,NOK,2024-03,11.699
FX,NOK,2024-04,11.815
FX,NOK,2024-05,11.383
FX,NOK,2024-06,11.3965
FX,NOK,2024-07,11.8175
FX,NOK,2024-08,11.662
FX,NOK,2024-09,11.7645
FX,NOK,2024-10,11.9385
FX,NOK,2024-11,11.6805
FX,NOK,2024-12,11.795
FX,NOK,2025-01,11.7373
FX,NOK,2025-02,11.7245
FX,NOK,2025-03,11.413
FX,NOK,2025-04,11.809
FX,NOK,2025-05,11.5408
FX,NOK,2025-06,11.8345
FX,NOK,2025-07,11.774
FX,NOK,2025-08,11.7465
FX,NOK,2025-09,11.7265
FX,NOK,2025-10,11.6485
FX,NOK,2025-11,11.7645
FX,NOK,2025-12,11.843
FX,NZD,2008-01,1.896
FX,NZD,2008-02,1.8854
FX,NZD,2008-03,2.0079
FX,NZD,2008-04,1.9992
FX,NZD,2008-05,1.9812
FX,NZD,2008-06,2.0632
FX,NZD,2008-07,2.1296
FX,NZD,2008-08,2.089
FX,NZD,2008-09,2.1143
FX,NZD,2008-10,2.1887
FX,NZD,2008-11,2.3212
FX,NZD,2008-12,2.4191
FX,NZD,2009-01,2.5268
FX,NZD,2009-02,2.5275
FX,NZD,2009-03,2.3288
FX,NZD,2009-04,2.3378
FX,NZD,2009-05,2.2135
FX,NZD,2009-06,2.1656
FX,NZD,2009-07,2.1578
FX,NZD,2009-08,2.0973
FX,NZD,2009-09,2.0287
FX,NZD,2009-10,2.0346
FX,NZD,2009-11,2.1019
FX,NZD,2009-12,1.9803
FX,NZD,2010-01,1.9771
FX,NZD,2010-02,1.9549
FX,NZD,2010-03,1.9024
FX,NZD,2010-04,1.8254
FX,NZD,2010-05,1.812
FX,NZD,2010-06,1.7761
FX,NZD,2010-07,1.8013
FX,NZD,2010-08,1.8187
FX,NZD,2010-09,1.8436
FX,NZD,2010-10,1.828
FX,NZD,2010-11,1.7557
FX,NZD,2010-12,1.72
FX,NZD,2011-01,1.7763
FX,NZD,2011-02,1.839
FX,NZD,2011-03,1.8598
FX,NZD,2011-04,1.8414
FX,NZD,2011-05,1.7489
FX,NZD,2011-06,1.7468
FX,NZD,2011-07,1.6491
FX,NZD,2011-08,1.6929
FX,NZD,2011-09,1.766
FX,NZD,2011-10,1.7223
FX,NZD,2011-11,1.738
FX,NZD,2011-12,1.6737
FX,NZD,2012-01,1.5918
FX,NZD,2012-02,1.5902
FX,NZD,2012-03,1.6254
FX,NZD,2012-04,1.6133
FX,NZD,2012-05,1.6439
FX,NZD,2012-06,1.5746
FX,NZD,2012-07,1.5166
FX,NZD,2012-08,1.5708
FX,NZD,2012-09,1.5536
FX,NZD,2012-10,1.581
FX,NZD,2012-11,1.5865
FX,NZD,2012-12,1.6045
FX,NZD,2013-01,1.6164
FX,NZD,2013-02,1.581
FX,NZD,2013-03,1.5308
FX,NZD,2013-04,1.5272
FX,NZD,2013-05,1.6265
FX,NZD,2013-06,1.6792
FX,NZD,2013-07,1.6648
FX,NZD,2013-08,1.7041
FX,NZD,2013-09,1.6296
FX,NZD,2013-10,1.645
FX,NZD,2013-11,1.6698
FX,NZD,2013-12,1.6762
FX,NZD,2014-01,1.6682
FX,NZD,2014-02,1.64
FX,NZD,2014-03,1.5952
FX,NZD,2014-04,1.6187
FX,NZD,2014-05,1.6057
FX,NZD,2014-06,1.5626
FX,NZD,2014-07,1.5761
FX,NZD,2014-08,1.5752
FX,NZD,2014-09,1.6209
FX,NZD,2014-10,1.6045
FX,NZD,2014-11,1.5879
FX,NZD,2014-12,1.5525
FX,NZD,2015-01,1.5568
FX,NZD,2015-02,1.4849
FX,NZD,2015-03,1.4388
FX,NZD,2015-04,1.4727
FX,NZD,2015-05,1.5405
FX,NZD,2015-06,1.6548
FX,NZD,2015-07,1.6769
FX,NZD,2015-08,1.7536
FX,NZD,2015-09,1.7568
FX,NZD,2015-10,1.6369
FX,NZD,2015-11,1.612
FX,NZD,2015-12,1.5923
FX,NZD,2016-01,1.6788
FX,NZD,2016-02,1.6557
FX,NZD,2016-03,1.6411
FX,NZD,2016-04,1.6357
FX,NZD,2016-05,1.6516
FX,NZD,2016-06,1.5616
FX,NZD,2016-07,1.5615
FX,NZD,2016-08,1.5353
FX,NZD,2016-09,1.5369
FX,NZD,2016-10,1.5313
FX,NZD,2016-11,1.4911
FX,NZD,2016-12,1.5158
FX,NZD,2017-01,1.4709
FX,NZD,2017-02,1.4707
FX,NZD,2017-03,1.5309
FX,NZD,2017-04,1.5897
FX,NZD,2017-05,1.5789
FX,NZD,2017-06,1.5554
FX,NZD,2017-07,1.5672
FX,NZD,2017-08,1.6571
FX,NZD,2017-09,1.6354
FX,NZD,2017-10,1.7005
FX,NZD,2017-11,1.7319
FX,NZD,2017-12,1.685
FX,NZD,2018-01,1.6803
FX,NZD,2018-02,1.6905
FX,NZD,2018-03,1.7098
FX,NZD,2018-04,1.7145
FX,NZD,2018-05,1.6681
FX,NZD,2018-06,1.7247
FX,NZD,2018-07,1.7213
FX,NZD,2018-08,1.7559
FX,NZD,2018-09,1.7505
FX,NZD,2018-10,1.7322
FX,NZD,2018-11,1.6556
FX,NZD,2018-12,1.7056
FX,NZD,2019-01,1.6607
FX,NZD,2019-02,1.6685
FX,NZD,2019-03,1.65
FX,NZD,2019-04,1.6805
FX,NZD,2019-05,1.7134
FX,NZD,2019-06,1.696
FX,NZD,2019-07,1.6883
FX,NZD,2019-08,1.749
FX,NZD,2019-09,1.7375
FX,NZD,2019-10,1.7359
FX,NZD,2019-11,1.709
FX,NZD,2019-12,1.6653
FX,NZD,2020-01,1.7083
FX,NZD,2020-02,1.7608
FX,NZD,2020-03,1.8417
FX,NZD,2020-04,1.7705
FX,NZD,2020-05,1.7863
FX,NZD,2020-06,1.748
FX,NZD,2020-07,1.7771
FX,NZD,2020-08,1.7728
FX,NZD,2020-09,1.7799
FX,NZD,2020-10,1.7565
FX,NZD,2020-11,1.7027
FX,NZD,2020-12,1.6984
FX,NZD,2021-01,1.6863
FX,NZD,2021-02,1.6622
FX,NZD,2021-03,1.6769
FX,NZD,2021-04,1.6738
FX,NZD,2021-05,1.6799
FX,NZD,2021-06,1.7026
FX,NZD,2021-07,1.699
FX,NZD,2021-08,1.676
FX,NZD,2021-09,1.6858
FX,NZD,2021-10,1.6255
FX,NZD,2021-11,1.6644
FX,NZD,2021-12,1.6579
FX,NZD,2022-01,1.6983
FX,NZD,2022-02,1.6628
FX,NZD,2022-03,1.6014
FX,NZD,2022-04,1.6119
FX,NZD,2022-05,1.6459
FX,NZD,2022-06,1.6705
FX,NZD,2022-07,1.6283
FX,NZD,2022-08,1.6322
FX,NZD,2022-09,1.7177
FX,NZD,2022-10,1.7099
FX,NZD,2022-11,1.6634
FX,NZD,2022-12,1.6798
FX,NZD,2023-01,1.6858
FX,NZD,2023-02,1.7216
FX,NZD,2023-03,1.7392
FX,NZD,2023-04,1.7864
FX,NZD,2023-05,1.7793
FX,NZD,2023-06,1.7858
FX,NZD,2023-07,1.7773
FX,NZD,2023-08,1.8259
FX,NZD,2023-09,1.7575
FX,NZD,2023-10,1.8224
FX,NZD,2023-11,1.7762
FX,NZD,2023-12,1.7504
FX,NZD,2024-01,1.7705
FX,NZD,2024-02,1.7807
FX,NZD,2024-03,1.8092
FX,NZD,2024-04,1.8035
FX,NZD,2024-05,1.7696
FX,NZD,2024-06,1.7601
FX,NZD,2024-07,1.8289
FX,NZD,2024-08,1.7709
FX,NZD,2024-09,1.7616
FX,NZD,2024-10,1.822
FX,NZD,2024-11,1.7873
FX,NZD,2024-12,1.8532
FX,NZD,2025-01,1.8391
FX,NZD,2025-02,1.8579
FX,NZD,2025-03,1.9035
FX,NZD,2025-04,1.9219
FX,NZD,2025-05,1.9017
FX,NZD,2025-06,1.9334
FX,NZD,2025-07,1.9375
FX,NZD,2025-08,1.9811
FX,NZD,2025-09,2.0257
FX,NZD,2025-10,2.0212
FX,NZD,2025-11,2.0247
FX,NZD,2025-12,2.038
FX,SEK,2008-01,9.4725
FX,SEK,2008-02,9.3948
FX,SEK,2008-03,9.397
FX,SEK,2008-04,9.3575
FX,SEK,2008-05,9.328
FX,SEK,2008-06,9.4703
FX,SEK,2008-07,9.4649
FX,SEK,2008-08,9.4381
FX,SEK,2008-09,9.7943
FX,SEK,2008-10,9.906
FX,SEK,2008-11,10.3057
FX,SEK,2008-12,10.87
FX,SEK,2009-01,10.609
FX,SEK,2009-02,11.4524
FX,SEK,2009-03,10.94
FX,SEK,2009-04,10.6915
FX,SEK,2009-05,10.6678
FX,SEK,2009-06,10.8125
FX,SEK,2009-07,10.3358
FX,SEK,2009-08,10.2191
FX,SEK,2009-09,10.232
FX,SEK,2009-10,10.3845
FX,SEK,2009-11,10.4533
FX,SEK,2009-12,10.252
FX,SEK,2010-01,10.2388
FX,SEK,2010-02,9.726
FX,SEK,2010-03,9.7135
FX,SEK,2010-04,9.6217
FX,SEK,2010-05,9.623
FX,SEK,2010-06,9.5259
FX,SEK,2010-07,9.4333
FX,SEK,2010-08,9.389
FX,SEK,2010-09,9.1421
FX,SEK,2010-10,9.361
FX,SEK,2010-11,9.1715
FX,SEK,2010-12,8.9655
FX,SEK,2011-01,8.867
FX,SEK,2011-02,8.7445
FX,SEK,2011-03,8.9329
FX,SEK,2011-04,8.914
FX,SEK,2011-05,8.8932
FX,SEK,2011-06,9.1739
FX,SEK,2011-07,9.0689
FX,SEK,2011-08,9.164
FX,SEK,2011-09,9.258
FX,SEK,2011-10,9.009
FX,SEK,2011-11,9.146
FX,SEK,2011-12,8.912
FX,SEK,2012-01,8.8967
FX,SEK,2012-02,8.8088
FX,SEK,2012-03,8.8455
FX,SEK,2012-04,8.9185
FX,SEK,2012-05,8.9752
FX,SEK,2012-06,8.7728
FX,SEK,2012-07,8.359
FX,SEK,2012-08,8.3362
FX,SEK,2012-09,8.4498
FX,SEK,2012-10,8.6
FX,SEK,2012-11,8.6625
FX,SEK,2012-12,8.582
FX,SEK,2013-01,8.6325
FX,SEK,2013-02,8.4475
FX,SEK,2013-03,8.3553
FX,SEK,2013-04,8.542
FX,SEK,2013-05,8.5828
FX,SEK,2013-06,8.7773
FX,SEK,2013-07,8.7128
FX,SEK,2013-08,8.7503
FX,SEK,2013-09,8.6575
FX,SEK,2013-10,8.8052
FX,SEK,2013-11,8.9075
FX,SEK,2013-12,8.8591
FX,SEK,2014-01,8.8509
FX,SEK,2014-02,8.8525
FX,SEK,2014-03,8.9483
FX,SEK,2014-04,9.0723
FX,SEK,2014-05,9.0823
FX,SEK,2014-06,9.1762
FX,SEK,2014-07,9.2261
FX,SEK,2014-08,9.1658
FX,SEK,2014-09,9.1465
FX,SEK,2014-10,9.2664
FX,SEK,2014-11,9.266
FX,SEK,2014-12,9.393
FX,SEK,2015-01,9.3612
FX,SEK,2015-02,9.3693
FX,SEK,2015-03,9.2901
FX,SEK,2015-04,9.3261
FX,SEK,2015-05,9.3272
FX,SEK,2015-06,9.215
FX,SEK,2015-07,9.4622
FX,SEK,2015-08,9.5032
FX,SEK,2015-09,9.4083
FX,SEK,2015-10,9.3866
FX,SEK,2015-11,9.207
FX,SEK,2015-12,9.1895
FX,SEK,2016-01,9.3483
FX,SEK,2016-02,9.3219
FX,SEK,2016-03,9.2253
FX,SEK,2016-04,9.1689
FX,SEK,2016-05,9.291
FX,SEK,2016-06,9.4242
FX,SEK,2016-07,9.5673
FX,SEK,2016-08,9.5159
FX,SEK,2016-09,9.621
FX,SEK,2016-10,9.865
FX,SEK,2016-11,9.7538
FX,SEK,2016-12,9.5525
FX,SEK,2017-01,9.4505
FX,SEK,2017-02,9.5675
FX,SEK,2017-03,9.5322
FX,SEK,2017-04,9.6318
FX,SEK,2017-05,9.7558
FX,SEK,2017-06,9.6398
FX,SEK,2017-07,9.5423
FX,SEK,2017-08,9.4818
FX,SEK,2017-09,9.649
FX,SEK,2017-10,9.7415
FX,SEK,2017-11,9.9208
FX,SEK,2017-12,9.8438
FX,SEK,2018-01,9.7645
FX,SEK,2018-02,10.0923
FX,SEK,2018-03,10.2843
FX,SEK,2018-04,10.4993
FX,SEK,2018-05,10.2683
FX,SEK,2018-06,10.453
FX,SEK,2018-07,10.257
FX,SEK,2018-08,10.6205
FX,SEK,2018-09,10.309
FX,SEK,2018-10,10.4015
FX,SEK,2018-11,10.3195
FX,SEK,2018-12,10.2548
FX,SEK,2019-01,10.373
FX,SEK,2019-02,10.4844
FX,SEK,2019-03,10.398
FX,SEK,2019-04,10.635
FX,SEK,2019-05,10.639
FX,SEK,2019-06,10.5633
FX,SEK,2019-07,10.6645
FX,SEK,2019-08,10.8395
FX,SEK,2019-09,10.6958
FX,SEK,2019-10,10.7498
FX,SEK,2019-11,10.4995
FX,SEK,2019-12,10.4468
FX,SEK,2020-01,10.6768
FX,SEK,2020-02,10.6738
FX,SEK,2020-03,11.0613
FX,SEK,2020-04,10.6639
FX,SEK,2020-05,10.487
FX,SEK,2020-06,10.4948
FX,SEK,2020-07,10.2835
FX,SEK,2020-08,10.2888
FX,SEK,2020-09,10.5713
FX,SEK,2020-10,10.365
FX,SEK,2020-11,10.1778
FX,SEK,2020-12,10.0343
FX,SEK,2021-01,10.111
FX,SEK,2021-02,10.1388
FX,SEK,2021-03,10.2383
FX,SEK,2021-04,10.164
FX,SEK,2021-05,10.121
FX,SEK,2021-06,10.111
FX,SEK,2021-07,10.1868
FX,SEK,2021-08,10.1625
FX,SEK,2021-09,10.1683
FX,SEK,2021-10,9.9368
FX,SEK,2021-11,10.286
FX,SEK,2021-12,10.2503
FX,SEK,2022-01,10.489
FX,SEK,2022-02,10.6055
FX,SEK,2022-03,10.337
FX,SEK,2022-04,10.2958
FX,SEK,2022-05,10.5053
FX,SEK,2022-06,10.73
FX,SEK,2022-07,10.3875
FX,SEK,2022-08,10.6788
FX,SEK,2022-09,10.8993
FX,SEK,2022-10,10.901
FX,SEK,2022-11,10.9345
FX,SEK,2022-12,11.1218
FX,SEK,2023-01,11.348
FX,SEK,2023-02,11.078
FX,SEK,2023-03,11.2805
FX,SEK,2023-04,11.3515
FX,SEK,2023-05,11.6278
FX,SEK,2023-06,11.8055
FX,SEK,2023-07,11.5895
FX,SEK,2023-08,11.843
FX,SEK,2023-09,11.5325
FX,SEK,2023-10,11.8275
FX,SEK,2023-11,11.4308
FX,SEK,2023-12,11.096
FX,SEK,2024-01,11.2682
FX,SEK,2024-02,11.215
FX,SEK,2024-03,11.525
FX,SEK,2024-04,11.753
FX,SEK,2024-05,11.421
FX,SEK,2024-06,11.3595
FX,SEK,2024-07,11.6125
FX,SEK,2024-08,11.3355
FX,SEK,2024-09,11.3
FX,SEK,2024-10,11.6308
FX,SEK,2024-11,11.518
FX,SEK,2024-12,11.459
FX,SEK,2025-01,11.474
FX,SEK,2025-02,11.188
FX,SEK,2025-03,10.849
FX,SEK,2025-04,10.9715
FX,SEK,2025-05,10.8735
FX,SEK,2025-06,11.1465
FX,SEK,2025-07,11.1575
FX,SEK,2025-08,11.055
FX,SEK,2025-09,11.0565
FX,SEK,2025-10,10.925
FX,SEK,2025-11,10.9695
FX,SEK,2025-12,10.8215
FX,USD,2008-01,1.487
FX,USD,2008-02,1.5167
FX,USD,2008-03,1.5812
FX,USD,2008-04,1.554
FX,USD,2008-05,1.5508
FX,USD,2008-06,1.5764
FX,USD,2008-07,1.5611
FX,USD,2008-08,1.4735
FX,USD,2008-09,1.4303
FX,USD,2008-10,1.2757
FX,USD,2008-11,1.2727
FX,USD,2008-12,1.3917
FX,USD,2009-01,1.2816
FX,USD,2009-02,1.2644
FX,USD,2009-03,1.3308
FX,USD,2009-04,1.3275
FX,USD,2009-05,1.4098
FX,USD,2009-06,1.4134
FX,USD,2009-07,1.4138
FX,USD,2009-08,1.4272
FX,USD,2009-09,1.4643
FX,USD,2009-10,1.48
FX,USD,2009-11,1.5023
FX,USD,2009-12,1.4406
FX,USD,2010-01,1.3966
FX,USD,2010-02,1.357
FX,USD,2010-03,1.3479
FX,USD,2010-04,1.3315
FX,USD,2010-05,1.2307
FX,USD,2010-06,1.2271
FX,USD,2010-07,1.3028
FX,USD,2010-08,1.268
FX,USD,2010-09,1.3648
FX,USD,2010-10,1.3857
FX,USD,2010-11,1.2998
FX,USD,2010-12,1.3362
FX,USD,2011-01,1.3692
FX,USD,2011-02,1.3834
FX,USD,2011-03,1.4207
FX,USD,2011-04,1.486
FX,USD,2011-05,1.4385
FX,USD,2011-06,1.4453
FX,USD,2011-07,1.426
FX,USD,2011-08,1.445
FX,USD,2011-09,1.3503
FX,USD,2011-10,1.4001
FX,USD,2011-11,1.3418
FX,USD,2011-12,1.2939
FX,USD,2012-01,1.3176
FX,USD,2012-02,1.3443
FX,USD,2012-03,1.3356
FX,USD,2012-04,1.3214
FX,USD,2012-05,1.2403
FX,USD,2012-06,1.259
FX,USD,2012-07,1.2284
FX,USD,2012-08,1.2611
FX,USD,2012-09,1.293
FX,USD,2012-10,1.2993
FX,USD,2012-11,1.2986
FX,USD,2012-12,1.3194
FX,USD,2013-01,1.355
FX,USD,2013-02,1.3129
FX,USD,2013-03,1.2805
FX,USD,2013-04,1.3072
FX,USD,2013-05,1.3006
FX,USD,2013-06,1.308
FX,USD,2013-07,1.3275
FX,USD,2013-08,1.3235
FX,USD,2013-09,1.3505
FX,USD,2013-10,1.3641
FX,USD,2013-11,1.3611
FX,USD,2013-12,1.3791
FX,USD,2014-01,1.3516
FX,USD,2014-02,1.3813
FX,USD,2014-03,1.3788
FX,USD,2014-04,1.385
FX,USD,2014-05,1.3607
FX,USD,2014-06,1.3658
FX,USD,2014-07,1.3379
FX,USD,2014-08,1.3188
FX,USD,2014-09,1.2583
FX,USD,2014-10,1.2524
FX,USD,2014-11,1.2483
FX,USD,2014-12,1.2141
FX,USD,2015-01,1.1305
FX,USD,2015-02,1.124
FX,USD,2015-03,1.0759
FX,USD,2015-04,1.1215
FX,USD,2015-05,1.097
FX,USD,2015-06,1.1189
FX,USD,2015-07,1.0967
FX,USD,2015-08,1.1215
FX,USD,2015-09,1.1203
FX,USD,2015-10,1.1017
FX,USD,2015-11,1.0579
FX,USD,2015-12,1.0887
FX,USD,2016-01,1.092
FX,USD,2016-02,1.0888
FX,USD,2016-03,1.1385
FX,USD,2016-04,1.1403
FX,USD,2016-05,1.1154
FX,USD,2016-06,1.1102
FX,USD,2016-07,1.1113
FX,USD,2016-08,1.1132
FX,USD,2016-09,1.1161
FX,USD,2016-10,1.0946
FX,USD,2016-11,1.0635
FX,USD,2016-12,1.0541
FX,USD,2017-01,1.0755
FX,USD,2017-02,1.0597
FX,USD,2017-03,1.0691
FX,USD,2017-04,1.093
FX,USD,2017-05,1.1221
FX,USD,2017-06,1.1412
FX,USD,2017-07,1.1727
FX,USD,2017-08,1.1825
FX,USD,2017-09,1.1806
FX,USD,2017-10,1.1638
FX,USD,2017-11,1.1849
FX,USD,2017-12,1.1993
FX,USD,2018-01,1.2457
FX,USD,2018-02,1.2214
FX,USD,2018-03,1.2321
FX,USD,2018-04,1.2079
FX,USD,2018-05,1.1699
FX,USD,2018-06,1.1658
FX,USD,2018-07,1.1736
FX,USD,2018-08,1.1651
FX,USD,2018-09,1.1576
FX,USD,2018-10,1.1318
FX,USD,2018-11,1.1359
FX,USD,2018-12,1.145
FX,USD,2019-01,1.1488
FX,USD,2019-02,1.1416
FX,USD,2019-03,1.1235
FX,USD,2019-04,1.1218
FX,USD,2019-05,1.1151
FX,USD,2019-06,1.138
FX,USD,2019-07,1.1151
FX,USD,2019-08,1.1036
FX,USD,2019-09,1.0889
FX,USD,2019-10,1.1154
FX,USD,2019-11,1.0982
FX,USD,2019-12,1.1234
FX,USD,2020-01,1.1052
FX,USD,2020-02,1.0977
FX,USD,2020-03,1.0956
FX,USD,2020-04,1.0876
FX,USD,2020-05,1.1136
FX,USD,2020-06,1.1198
FX,USD,2020-07,1.1848
FX,USD,2020-08,1.194
FX,USD,2020-09,1.1708
FX,USD,2020-10,1.1698
FX,USD,2020-11,1.198
FX,USD,2020-12,1.2271
FX,USD,2021-01,1.2136
FX,USD,2021-02,1.2121
FX,USD,2021-03,1.1725
FX,USD,2021-04,1.2082
FX,USD,2021-05,1.2201
FX,USD,2021-06,1.1884
FX,USD,2021-07,1.1891
FX,USD,2021-08,1.1834
FX,USD,2021-09,1.1579
FX,USD,2021-10,1.1645
FX,USD,2021-11,1.1363
FX,USD,2021-12,1.1326
FX,USD,2022-01,1.1156
FX,USD,2022-02,1.1199
FX,USD,2022-03,1.1101
FX,USD,2022-04,1.054
FX,USD,2022-05,1.0713
FX,USD,2022-06,1.0387
FX,USD,2022-07,1.0198
FX,USD,2022-08,1
FX,USD,2022-09,0.9748
FX,USD,2022-10,0.9914
FX,USD,2022-11,1.0376
FX,USD,2022-12,1.0666
FX,USD,2023-01,1.0833
FX,USD,2023-02,1.0619
FX,USD,2023-03,1.0875
FX,USD,2023-04,1.0981
FX,USD,2023-05,1.0683
FX,USD,2023-06,1.0866
FX,USD,2023-07,1.1023
FX,USD,2023-08,1.0868
FX,USD,2023-09,1.0594
FX,USD,2023-10,1.0619
FX,USD,2023-11,1.0931
FX,USD,2023-12,1.105
FX,USD,2024-01,1.0837
FX,USD,2024-02,1.0826
FX,USD,2024-03,1.0811
FX,USD,2024-04,1.0718
FX,USD,2024-05,1.0852
FX,USD,2024-06,1.0705
FX,USD,2024-07,1.0828
FX,USD,2024-08,1.1087
FX,USD,2024-09,1.1196
FX,USD,2024-10,1.0882
FX,USD,2024-11,1.0562
FX,USD,2024-12,1.0389
FX,USD,2025-01,1.0393
FX,USD,2025-02,1.0411
FX,USD,2025-03,1.0815
FX,USD,2025-04,1.1373
FX,USD,2025-05,1.1339
FX,USD,2025-06,1.172
FX,USD,2025-07,1.1446
FX,USD,2025-08,1.1658
FX,USD,2025-09,1.1741
FX,USD,2025-10,1.1554
FX,USD,2025-11,1.1566
FX,USD,2025-12,1.175
IR,AU,2008-01,6.75
IR,AU,2008-02,6.9999
IR,AU,2008-03,7.2498
IR,AU,2008-04,7.25
IR,AU,2008-05,7.25
IR,AU,2008-06,7.25
IR,AU,2008-07,7.25
IR,AU,2008-08,7.25
IR,AU,2008-09,7
IR,AU,2008-10,6
IR,AU,2008-11,5.25
IR,AU,2008-12,4.25
IR,AU,2009-01,4.25
IR,AU,2009-02,3.25
IR,AU,2009-03,3.25
IR,AU,2009-04,3
IR,AU,2009-05,3
IR,AU,2009-06,3
IR,AU,2009-07,3
IR,AU,2009-08,3
IR,AU,2009-09,3
IR,AU,2009-10,3.25
IR,AU,2009-11,3.5
IR,AU,2009-12,3.75
IR,AU,2010-01,3.75
IR,AU,2010-02,3.75
IR,AU,2010-03,4
IR,AU,2010-04,4.25
IR,AU,2010-05,4.5
IR,AU,2010-06,4.5
IR,AU,2010-07,4.5
IR,AU,2010-08,4.5
IR,AU,2010-09,4.5
IR,AU,2010-10,4.5
IR,AU,2010-11,4.75
IR,AU,2010-12,4.75
IR,AU,2011-01,4.75
IR,AU,2011-02,4.75
IR,AU,2011-03,4.75
IR,AU,2011-04,4.75
IR,AU,2011-05,4.75
IR,AU,2011-06,4.75
IR,AU,2011-07,4.75
IR,AU,2011-08,4.75
IR,AU,2011-09,4.75
IR,AU,2011-10,4.75
IR,AU,2011-11,4.5
IR,AU,2011-12,4.25
IR,AU,2012-01,4.25
IR,AU,2012-02,4.25
IR,AU,2012-03,4.25
IR,AU,2012-04,4.25
IR,AU,2012-05,3.75
IR,AU,2012-06,3.5
IR,AU,2012-07,3.5
IR,AU,2012-08,3.5
IR,AU,2012-09,3.5
IR,AU,2012-10,3.25
IR,AU,2012-11,3.25
IR,AU,2012-12,3
IR,AU,2013-01,3
IR,AU,2013-02,3
IR,AU,2013-03,3
IR,AU,2013-04,3
IR,AU,2013-05,2.75
IR,AU,2013-06,2.75
IR,AU,2013-07,2.75
IR,AU,2013-08,2.5
IR,AU,2013-09,2.5
IR,AU,2013-10,2.5
IR,AU,2013-11,2.5
IR,AU,2013-12,2.5
IR,AU,2014-01,2.5
IR,AU,2014-02,2.5
IR,AU,2014-03,2.5
IR,AU,2014-04,2.5
IR,AU,2014-05,2.5
IR,AU,2014-06,2.5
IR,AU,2014-07,2.5
IR,AU,2014-08,2.5
IR,AU,2014-09,2.5
IR,AU,2014-10,2.5
IR,AU,2014-11,2.5
IR,AU,2014-12,2.5
IR,AU,2015-01,2.5
IR,AU,2015-02,2.25
IR,AU,2015-03,2.25
IR,AU,2015-04,2.25
IR,AU,2015-05,2
IR,AU,2015-06,2
IR,AU,2015-07,2
IR,AU,2015-08,2
IR,AU,2015-09,2
IR,AU,2015-10,2
IR,AU,2015-11,2
IR,AU,2015-12,2
IR,AU,2016-01,2
IR,AU,2016-02,2
IR,AU,2016-03,2
IR,AU,2016-04,2
IR,AU,2016-05,1.75
IR,AU,2016-06,1.75
IR,AU,2016-07,1.75
IR,AU,2016-08,1.5
IR,AU,2016-09,1.5
IR,AU,2016-10,1.5
IR,AU,2016-11,1.5
IR,AU,2016-12,1.5
IR,AU,2017-01,1.5
IR,AU,2017-02,1.5
IR,AU,2017-03,1.5
IR,AU,2017-04,1.5
IR,AU,2017-05,1.5
IR,AU,2017-06,1.5
IR,AU,2017-07,1.5
IR,AU,2017-08,1.5
IR,AU,2017-09,1.5
IR,AU,2017-10,1.5
IR,AU,2017-11,1.5
IR,AU,2017-12,1.5
IR,AU,2018-01,1.5
IR,AU,2018-02,1.5
IR,AU,2018-03,1.5
IR,AU,2018-04,1.5
IR,AU,2018-05,1.5
IR,AU,2018-06,1.5
IR,AU,2018-07,1.5
IR,AU,2018-08,1.5
IR,AU,2018-09,1.5
IR,AU,2018-10,1.5
IR,AU,2018-11,1.5
IR,AU,2018-12,1.5
IR,AU,2019-01,1.5
IR,AU,2019-02,1.5
IR,AU,2019-03,1.5
IR,AU,2019-04,1.5
IR,AU,2019-05,1.5
IR,AU,2019-06,1.25
IR,AU,2019-07,1
IR,AU,2019-08,1
IR,AU,2019-09,1
IR,AU,2019-10,0.75
IR,AU,2019-11,0.75
IR,AU,2019-12,0.75
IR,AU,2020-01,0.75
IR,AU,2020-02,0.75
IR,AU,2020-03,0.25
IR,AU,2020-04,0.25
IR,AU,2020-05,0.25
IR,AU,2020-06,0.25
IR,AU,2020-07,0.25
IR,AU,2020-08,0.25
IR,AU,2020-09,0.25
IR,AU,2020-10,0.25
IR,AU,2020-11,0.1
IR,AU,2020-12,0.1
IR,AU,2021-01,0.1
IR,AU,2021-02,0.1
IR,AU,2021-03,0.1
IR,AU,2021-04,0.1
IR,AU,2021-05,0.1
IR,AU,2021-06,0.1
IR,AU,2021-07,0.1
IR,AU,2021-08,0.1
IR,AU,2021-09,0.1
IR,AU,2021-10,0.1
IR,AU,2021-11,0.1
IR,AU,2021-12,0.1
IR,AU,2022-01,0.1
IR,AU,2022-02,0.1
IR,AU,2022-03,0.1
IR,AU,2022-04,0.1
IR,AU,2022-05,0.35
IR,AU,2022-06,0.85
IR,AU,2022-07,1.35
IR,AU,2022-08,1.85
IR,AU,2022-09,2.35
IR,AU,2022-10,2.6
IR,AU,2022-11,2.85
IR,AU,2022-12,3.1
IR,AU,2023-01,3.1
IR,AU,2023-02,3.35
IR,AU,2023-03,3.6
IR,AU,2023-04,3.6
IR,AU,2023-05,3.85
IR,AU,2023-06,4.1
IR,AU,2023-07,4.1
IR,AU,2023-08,4.1
IR,AU,2023-09,4.1
IR,AU,2023-10,4.1
IR,AU,2023-11,4.35
IR,AU,2023-12,4.35
IR,AU,2024-01,4.35
IR,AU,2024-02,4.35
IR,AU,2024-03,4.35
IR,AU,2024-04,4.35
IR,AU,2024-05,4.35
IR,AU,2024-06,4.35
IR,AU,2024-07,4.35
IR,AU,2024-08,4.35
IR,AU,2024-09,4.35
IR,AU,2024-10,4.35
IR,AU,2024-11,4.35
IR,AU,2024-12,4.35
IR,AU,2025-01,4.35
IR,AU,2025-02,4.1
IR,AU,2025-03,4.1
IR,AU,2025-04,4.1
IR,AU,2025-05,3.85
IR,AU,2025-06,3.85
IR,AU,2025-07,3.85
IR,AU,2025-08,3.6
IR,AU,2025-09,3.6
IR,AU,2025-10,3.6
IR,AU,2025-11,3.6
IR,AU,2025-12,3.6
IR,CH,2008-01,2.75
IR,CH,2008-02,2.75
IR,CH,2008-03,2.75
IR,CH,2008-04,2.75
IR,CH,2008-05,2.75
IR,CH,2008-06,2.75
IR,CH,2008-07,2.75
IR,CH,2008-08,2.75
IR,CH,2008-09,2.75
IR,CH,2008-10,2.5
IR,CH,2008-11,1
IR,CH,2008-12,0.5
IR,CH,2009-01,0.5
IR,CH,2009-02,0.5
IR,CH,2009-03,0.375
IR,CH,2009-04,0.375
IR,CH,2009-05,0.375
IR,CH,2009-06,0.375
IR,CH,2009-07,0.375
IR,CH,2009-08,0.375
IR,CH,2009-09,0.375
IR,CH,2009-10,0.375
IR,CH,2009-11,0.375
IR,CH,2009-12,0.375
IR,CH,2010-01,0.375
IR,CH,2010-02,0.375
IR,CH,2010-03,0.375
IR,CH,2010-04,0.375
IR,CH,2010-05,0.375
IR,CH,2010-06,0.375
IR,CH,2010-07,0.375
IR,CH,2010-08,0.375
IR,CH,2010-09,0.375
IR,CH,2010-10,0.375
IR,CH,2010-11,0.375
IR,CH,2010-12,0.375
IR,CH,2011-01,0.375
IR,CH,2011-02,0.375
IR,CH,2011-03,0.375
IR,CH,2011-04,0.375
IR,CH,2011-05,0.375
IR,CH,2011-06,0.375
IR,CH,2011-07,0.375
IR,CH,2011-08,0.125
IR,CH,2011-09,0.125
IR,CH,2011-10,0.125
IR,CH,2011-11,0.125
IR,CH,2011-12,0.125
IR,CH,2012-01,0.125
IR,CH,2012-02,0.125
IR,CH,2012-03,0.125
IR,CH,2012-04,0.125
IR,CH,2012-05,0.125
IR,CH,2012-06,0.125
IR,CH,2012-07,0.125
IR,CH,2012-08,0.125
IR,CH,2012-09,0.125
IR,CH,2012-10,0.125
IR,CH,2012-11,0.125
IR,CH,2012-12,0.125
IR,CH,2013-01,0.125
IR,CH,2013-02,0.125
IR,CH,2013-03,0.125
IR,CH,2013-04,0.125
IR,CH,2013-05,0.125
IR,CH,2013-06,0.125
IR,CH,2013-07,0.125
IR,CH,2013-08,0.125
IR,CH,2013-09,0.125
IR,CH,2013-10,0.125
IR,CH,2013-11,0.125
IR,CH,2013-12,0.125
IR,CH,2014-01,0.125
IR,CH,2014-02,0.125
IR,CH,2014-03,0.125
IR,CH,2014-04,0.125
IR,CH,2014-05,0.125
IR,CH,2014-06,0.125
IR,CH,2014-07,0.125
IR,CH,2014-08,0.125
IR,CH,2014-09,0.125
IR,CH,2014-10,0.125
IR,CH,2014-11,0.125
IR,CH,2014-12,-0.25
IR,CH,2015-01,-0.75
IR,CH,2015-02,-0.75
IR,CH,2015-03,-0.75
IR,CH,2015-04,-0.75
IR,CH,2015-05,-0.75
IR,CH,2015-06,-0.75
IR,CH,2015-07,-0.75
IR,CH,2015-08,-0.75
IR,CH,2015-09,-0.75
IR,CH,2015-10,-0.75
IR,CH,2015-11,-0.75
IR,CH,2015-12,-0.75
IR,CH,2016-01,-0.75
IR,CH,2016-02,-0.75
IR,CH,2016-03,-0.75
IR,CH,2016-04,-0.75
IR,CH,2016-05,-0.75
IR,CH,2016-06,-0.75
IR,CH,2016-07,-0.75
IR,CH,2016-08,-0.75
IR,CH,2016-09,-0.75
IR,CH,2016-10,-0.75
IR,CH,2016-11,-0.75
IR,CH,2016-12,-0.75
IR,CH,2017-01,-0.75
IR,CH,2017-02,-0.75
IR,CH,2017-03,-0.75
IR,CH,2017-04,-0.75
IR,CH,2017-05,-0.75
IR,CH,2017-06,-0.75
IR,CH,2017-07,-0.75
IR,CH,2017-08,-0.75
IR,CH,2017-09,-0.75
IR,CH,2017-10,-0.75
IR,CH,2017-11,-0.75
IR,CH,2017-12,-0.75
IR,CH,2018-01,-0.75
IR,CH,2018-02,-0.75
IR,CH,2018-03,-0.75
IR,CH,2018-04,-0.75
IR,CH,2018-05,-0.75
IR,CH,2018-06,-0.75
IR,CH,2018-07,-0.75
IR,CH,2018-08,-0.75
IR,CH,2018-09,-0.75
IR,CH,2018-10,-0.75
IR,CH,2018-11,-0.75
IR,CH,2018-12,-0.75
IR,CH,2019-01,-0.75
IR,CH,2019-02,-0.75
IR,CH,2019-03,-0.75
IR,CH,2019-04,-0.75
IR,CH,2019-05,-0.75
IR,CH,2019-06,-0.75
IR,CH,2019-07,-0.75
IR,CH,2019-08,-0.75
IR,CH,2019-09,-0.75
IR,CH,2019-10,-0.75
IR,CH,2019-11,-0.75
IR,CH,2019-12,-0.75
IR,CH,2020-01,-0.75
IR,CH,2020-02,-0.75
IR,CH,2020-03,-0.75
IR,CH,2020-04,-0.75
IR,CH,2020-05,-0.75
IR,CH,2020-06,-0.75
IR,CH,2020-07,-0.75
IR,CH,2020-08,-0.75
IR,CH,2020-09,-0.75
IR,CH,2020-10,-0.75
IR,CH,2020-11,-0.75
IR,CH,2020-12,-0.75
IR,CH,2021-01,-0.75
IR,CH,2021-02,-0.75
IR,CH,2021-03,-0.75
IR,CH,2021-04,-0.75
IR,CH,2021-05,-0.75
IR,CH,2021-06,-0.75
IR,CH,2021-07,-0.75
IR,CH,2021-08,-0.75
IR,CH,2021-09,-0.75
IR,CH,2021-10,-0.75
IR,CH,2021-11,-0.75
IR,CH,2021-12,-0.75
IR,CH,2022-01,-0.75
IR,CH,2022-02,-0.75
IR,CH,2022-03,-0.75
IR,CH,2022-04,-0.75
IR,CH,2022-05,-0.75
IR,CH,2022-06,-0.25
IR,CH,2022-07,-0.25
IR,CH,2022-08,-0.25
IR,CH,2022-09,0.5
IR,CH,2022-10,0.5
IR,CH,2022-11,0.5
IR,CH,2022-12,1
IR,CH,2023-01,1
IR,CH,2023-02,1
IR,CH,2023-03,1.5
IR,CH,2023-04,1.5
IR,CH,2023-05,1.5
IR,CH,2023-06,1.75
IR,CH,2023-07,1.75
IR,CH,2023-08,1.75
IR,CH,2023-09,1.75
IR,CH,2023-10,1.75
IR,CH,2023-11,1.75
IR,CH,2023-12,1.75
IR,CH,2024-01,1.75
IR,CH,2024-02,1.75
IR,CH,2024-03,1.5
IR,CH,2024-04,1.5
IR,CH,2024-05,1.5
IR,CH,2024-06,1.25
IR,CH,2024-07,1.25
IR,CH,2024-08,1.25
IR,CH,2024-09,1
IR,CH,2024-10,1
IR,CH,2024-11,1
IR,CH,2024-12,0.5
IR,CH,2025-01,0.5
IR,CH,2025-02,0.5
IR,CH,2025-03,0.25
IR,CH,2025-04,0.25
IR,CH,2025-05,0.25
IR,CH,2025-06,0
IR,CH,2025-07,0
IR,CH,2025-08,0
IR,CH,2025-09,0
IR,CH,2025-10,0
IR,CH,2025-11,0
IR,CH,2025-12,0
IR,CA,2008-01,4
IR,CA,2008-02,4
IR,CA,2008-03,3.5
IR,CA,2008-04,3
IR,CA,2008-05,3
IR,CA,2008-06,3
IR,CA,2008-07,3
IR,CA,2008-08,3
IR,CA,2008-09,3
IR,CA,2008-10,2.25
IR,CA,2008-11,2.25
IR,CA,2008-12,1.5
IR,CA,2009-01,1
IR,CA,2009-02,1
IR,CA,2009-03,0.5
IR,CA,2009-04,0.25
IR,CA,2009-05,0.25
IR,CA,2009-06,0.25
IR,CA,2009-07,0.25
IR,CA,2009-08,0.25
IR,CA,2009-09,0.25
IR,CA,2009-10,0.25
IR,CA,2009-11,0.25
IR,CA,2009-12,0.25
IR,CA,2010-01,0.25
IR,CA,2010-02,0.25
IR,CA,2010-03,0.25
IR,CA,2010-04,0.25
IR,CA,2010-05,0.25
IR,CA,2010-06,0.5
IR,CA,2010-07,0.75
IR,CA,2010-08,0.75
IR,CA,2010-09,1
IR,CA,2010-10,1
IR,CA,2010-11,1
IR,CA,2010-12,1
IR,CA,2011-01,1
IR,CA,2011-02,1
IR,CA,2011-03,1
IR,CA,2011-04,1
IR,CA,2011-05,1
IR,CA,2011-06,1
IR,CA,2011-07,1
IR,CA,2011-08,1
IR,CA,2011-09,1
IR,CA,2011-10,1
IR,CA,2011-11,1
IR,CA,2011-12,1
IR,CA,2012-01,1
IR,CA,2012-02,1
IR,CA,2012-03,1
IR,CA,2012-04,1
IR,CA,2012-05,1
IR,CA,2012-06,1
IR,CA,2012-07,1
IR,CA,2012-08,1
IR,CA,2012-09,1
IR,CA,2012-10,1
IR,CA,2012-11,1
IR,CA,2012-12,1
IR,CA,2013-01,1
IR,CA,2013-02,1
IR,CA,2013-03,1
IR,CA,2013-04,1
IR,CA,2013-05,1
IR,CA,2013-06,1
IR,CA,2013-07,1
IR,CA,2013-08,1
IR,CA,2013-09,1
IR,CA,2013-10,1
IR,CA,2013-11,1
IR,CA,2013-12,1
IR,CA,2014-01,1
IR,CA,2014-02,1
IR,CA,2014-03,1
IR,CA,2014-04,1
IR,CA,2014-05,1
IR,CA,2014-06,1
IR,CA,2014-07,1
IR,CA,2014-08,1
IR,CA,2014-09,1
IR,CA,2014-10,1
IR,CA,2014-11,1
IR,CA,2014-12,1
IR,CA,2015-01,0.75
IR,CA,2015-02,0.75
IR,CA,2015-03,0.75
IR,CA,2015-04,0.75
IR,CA,2015-05,0.75
IR,CA,2015-06,0.75
IR,CA,2015-07,0.5
IR,CA,2015-08,0.5
IR,CA,2015-09,0.5
IR,CA,2015-10,0.5
IR,CA,2015-11,0.5
IR,CA,2015-12,0.5
IR,CA,2016-01,0.5
IR,CA,2016-02,0.5
IR,CA,2016-03,0.5
IR,CA,2016-04,0.5
IR,CA,2016-05,0.5
IR,CA,2016-06,0.5
IR,CA,2016-07,0.5
IR,CA,2016-08,0.5
IR,CA,2016-09,0.5
IR,CA,2016-10,0.5
IR,CA,2016-11,0.5
IR,CA,2016-12,0.5
IR,CA,2017-01,0.5
IR,CA,2017-02,0.5
IR,CA,2017-03,0.5
IR,CA,2017-04,0.5
IR,CA,2017-05,0.5
IR,CA,2017-06,0.5
IR,CA,2017-07,0.75
IR,CA,2017-08,0.75
IR,CA,2017-09,1
IR,CA,2017-10,1
IR,CA,2017-11,1
IR,CA,2017-12,1
IR,CA,2018-01,1.25
IR,CA,2018-02,1.25
IR,CA,2018-03,1.25
IR,CA,2018-04,1.25
IR,CA,2018-05,1.25
IR,CA,2018-06,1.25
IR,CA,2018-07,1.5
IR,CA,2018-08,1.5
IR,CA,2018-09,1.5
IR,CA,2018-10,1.75
IR,CA,2018-11,1.75
IR,CA,2018-12,1.75
IR,CA,2019-01,1.75
IR,CA,2019-02,1.75
IR,CA,2019-03,1.75
IR,CA,2019-04,1.75
IR,CA,2019-05,1.75
IR,CA,2019-06,1.75
IR,CA,2019-07,1.75
IR,CA,2019-08,1.75
IR,CA,2019-09,1.75
IR,CA,2019-10,1.75
IR,CA,2019-11,1.75
IR,CA,2019-12,1.75
IR,CA,2020-01,1.75
IR,CA,2020-02,1.75
IR,CA,2020-03,0.25
IR,CA,2020-04,0.25
IR,CA,2020-05,0.25
IR,CA,2020-06,0.25
IR,CA,2020-07,0.25
IR,CA,2020-08,0.25
IR,CA,2020-09,0.25
IR,CA,2020-10,0.25
IR,CA,2020-11,0.25
IR,CA,2020-12,0.25
IR,CA,2021-01,0.25
IR,CA,2021-02,0.25
IR,CA,2021-03,0.25
IR,CA,2021-04,0.25
IR,CA,2021-05,0.25
IR,CA,2021-06,0.25
IR,CA,2021-07,0.25
IR,CA,2021-08,0.25
IR,CA,2021-09,0.25
IR,CA,2021-10,0.25
IR,CA,2021-11,0.25
IR,CA,2021-12,0.25
IR,CA,2022-01,0.25
IR,CA,2022-02,0.25
IR,CA,2022-03,0.5
IR,CA,2022-04,1
IR,CA,2022-05,1
IR,CA,2022-06,1.5
IR,CA,2022-07,2.5
IR,CA,2022-08,2.5
IR,CA,2022-09,3.25
IR,CA,2022-10,3.75
IR,CA,2022-11,3.75
IR,CA,2022-12,4.25
IR,CA,2023-01,4.5
IR,CA,2023-02,4.5
IR,CA,2023-03,4.5
IR,CA,2023-04,4.5
IR,CA,2023-05,4.5
IR,CA,2023-06,4.75
IR,CA,2023-07,5
IR,CA,2023-08,5
IR,CA,2023-09,5
IR,CA,2023-10,5
IR,CA,2023-11,5
IR,CA,2023-12,5
IR,CA,2024-01,5
IR,CA,2024-02,5
IR,CA,2024-03,5
IR,CA,2024-04,5
IR,CA,2024-05,5
IR,CA,2024-06,4.75
IR,CA,2024-07,4.5
IR,CA,2024-08,4.5
IR,CA,2024-09,4.25
IR,CA,2024-10,3.75
IR,CA,2024-11,3.75
IR,CA,2024-12,3.25
IR,CA,2025-01,3
IR,CA,2025-02,3
IR,CA,2025-03,2.75
IR,CA,2025-04,2.75
IR,CA,2025-05,2.75
IR,CA,2025-06,2.75
IR,CA,2025-07,2.75
IR,CA,2025-08,2.75
IR,CA,2025-09,2.5
IR,CA,2025-10,2.25
IR,CA,2025-11,2.25
IR,CA,2025-12,2.25
IR,GB,2008-01,5.5
IR,GB,2008-02,5.25
IR,GB,2008-03,5.25
IR,GB,2008-04,5
IR,GB,2008-05,5
IR,GB,2008-06,5
IR,GB,2008-07,5
IR,GB,2008-08,5
IR,GB,2008-09,5
IR,GB,2008-10,4.5
IR,GB,2008-11,3
IR,GB,2008-12,2
IR,GB,2009-01,1.5
IR,GB,2009-02,1
IR,GB,2009-03,0.5
IR,GB,2009-04,0.5
IR,GB,2009-05,0.5
IR,GB,2009-06,0.5
IR,GB,2009-07,0.5
IR,GB,2009-08,0.5
IR,GB,2009-09,0.5
IR,GB,2009-10,0.5
IR,GB,2009-11,0.5
IR,GB,2009-12,0.5
IR,GB,2010-01,0.5
IR,GB,2010-02,0.5
IR,GB,2010-03,0.5
IR,GB,2010-04,0.5
IR,GB,2010-05,0.5
IR,GB,2010-06,0.5
IR,GB,2010-07,0.5
IR,GB,2010-08,0.5
IR,GB,2010-09,0.5
IR,GB,2010-10,0.5
IR,GB,2010-11,0.5
IR,GB,2010-12,0.5
IR,GB,2011-01,0.5
IR,GB,2011-02,0.5
IR,GB,2011-03,0.5
IR,GB,2011-04,0.5
IR,GB,2011-05,0.5
IR,GB,2011-06,0.5
IR,GB,2011-07,0.5
IR,GB,2011-08,0.5
IR,GB,2011-09,0.5
IR,GB,2011-10,0.5
IR,GB,2011-11,0.5
IR,GB,2011-12,0.5
IR,GB,2012-01,0.5
IR,GB,2012-02,0.5
IR,GB,2012-03,0.5
IR,GB,2012-04,0.5
IR,GB,2012-05,0.5
IR,GB,2012-06,0.5
IR,GB,2012-07,0.5
IR,GB,2012-08,0.5
IR,GB,2012-09,0.5
IR,GB,2012-10,0.5
IR,GB,2012-11,0.5
IR,GB,2012-12,0.5
IR,GB,2013-01,0.5
IR,GB,2013-02,0.5
IR,GB,2013-03,0.5
IR,GB,2013-04,0.5
IR,GB,2013-05,0.5
IR,GB,2013-06,0.5
IR,GB,2013-07,0.5
IR,GB,2013-08,0.5
IR,GB,2013-09,0.5
IR,GB,2013-10,0.5
IR,GB,2013-11,0.5
IR,GB,2013-12,0.5
IR,GB,2014-01,0.5
IR,GB,2014-02,0.5
IR,GB,2014-03,0.5
IR,GB,2014-04,0.5
IR,GB,2014-05,0.5
IR,GB,2014-06,0.5
IR,GB,2014-07,0.5
IR,GB,2014-08,0.5
IR,GB,2014-09,0.5
IR,GB,2014-10,0.5
IR,GB,2014-11,0.5
IR,GB,2014-12,0.5
IR,GB,2015-01,0.5
IR,GB,2015-02,0.5
IR,GB,2015-03,0.5
IR,GB,2015-04,0.5
IR,GB,2015-05,0.5
IR,GB,2015-06,0.5
IR,GB,2015-07,0.5
IR,GB,2015-08,0.5
IR,GB,2015-09,0.5
IR,GB,2015-10,0.5
IR,GB,2015-11,0.5
IR,GB,2015-12,0.5
IR,GB,2016-01,0.5
IR,GB,2016-02,0.5
IR,GB,2016-03,0.5
IR,GB,2016-04,0.5
IR,GB,2016-05,0.5
IR,GB,2016-06,0.5
IR,GB,2016-07,0.5
IR,GB,2016-08,0.25
IR,GB,2016-09,0.25
IR,GB,2016-10,0.25
IR,GB,2016-11,0.25
IR,GB,2016-12,0.25
IR,GB,2017-01,0.25
IR,GB,2017-02,0.25
IR,GB,2017-03,0.25
IR,GB,2017-04,0.25
IR,GB,2017-05,0.25
IR,GB,2017-06,0.25
IR,GB,2017-07,0.25
IR,GB,2017-08,0.25
IR,GB,2017-09,0.25
IR,GB,2017-10,0.25
IR,GB,2017-11,0.5
IR,GB,2017-12,0.5
IR,GB,2018-01,0.5
IR,GB,2018-02,0.5
IR,GB,2018-03,0.5
IR,GB,2018-04,0.5
IR,GB,2018-05,0.5
IR,GB,2018-06,0.5
IR,GB,2018-07,0.5
IR,GB,2018-08,0.75
IR,GB,2018-09,0.75
IR,GB,2018-10,0.75
IR,GB,2018-11,0.75
IR,GB,2018-12,0.75
IR,GB,2019-01,0.75
IR,GB,2019-02,0.75
IR,GB,2019-03,0.75
IR,GB,2019-04,0.75
IR,GB,2019-05,0.75
IR,GB,2019-06,0.75
IR,GB,2019-07,0.75
IR,GB,2019-08,0.75
IR,GB,2019-09,0.75
IR,GB,2019-10,0.75
IR,GB,2019-11,0.75
IR,GB,2019-12,0.75
IR,GB,2020-01,0.75
IR,GB,2020-02,0.75
IR,GB,2020-03,0.1
IR,GB,2020-04,0.1
IR,GB,2020-05,0.1
IR,GB,2020-06,0.1
IR,GB,2020-07,0.1
IR,GB,2020-08,0.1
IR,GB,2020-09,0.1
IR,GB,2020-10,0.1
IR,GB,2020-11,0.1
IR,GB,2020-12,0.1
IR,GB,2021-01,0.1
IR,GB,2021-02,0.1
IR,GB,2021-03,0.1
IR,GB,2021-04,0.1
IR,GB,2021-05,0.1
IR,GB,2021-06,0.1
IR,GB,2021-07,0.1
IR,GB,2021-08,0.1
IR,GB,2021-09,0.1
IR,GB,2021-10,0.1
IR,GB,2021-11,0.1
IR,GB,2021-12,0.25
IR,GB,2022-01,0.25
IR,GB,2022-02,0.5
IR,GB,2022-03,0.75
IR,GB,2022-04,0.75
IR,GB,2022-05,1
IR,GB,2022-06,1.25
IR,GB,2022-07,1.25
IR,GB,2022-08,1.75
IR,GB,2022-09,2.25
IR,GB,2022-10,2.25
IR,GB,2022-11,3
IR,GB,2022-12,3.5
IR,GB,2023-01,3.5
IR,GB,2023-02,4
IR,GB,2023-03,4.25
IR,GB,2023-04,4.25
IR,GB,2023-05,4.5
IR,GB,2023-06,5
IR,GB,2023-07,5
IR,GB,2023-08,5.25
IR,GB,2023-09,5.25
IR,GB,2023-10,5.25
IR,GB,2023-11,5.25
IR,GB,2023-12,5.25
IR,GB,2024-01,5.25
IR,GB,2024-02,5.25
IR,GB,2024-03,5.25
IR,GB,2024-04,5.25
IR,GB,2024-05,5.25
IR,GB,2024-06,5.25
IR,GB,2024-07,5.25
IR,GB,2024-08,5
IR,GB,2024-09,5
IR,GB,2024-10,5
IR,GB,2024-11,4.75
IR,GB,2024-12,4.75
IR,GB,2025-01,4.75
IR,GB,2025-02,4.5
IR,GB,2025-03,4.5
IR,GB,2025-04,4.5
IR,GB,2025-05,4.25
IR,GB,2025-06,4.25
IR,GB,2025-07,4.25
IR,GB,2025-08,4
IR,GB,2025-09,4
IR,GB,2025-10,4
IR,GB,2025-11,4
IR,GB,2025-12,3.75
IR,JP,2008-01,0.5
IR,JP,2008-02,0.5
IR,JP,2008-03,0.5
IR,JP,2008-04,0.5
IR,JP,2008-05,0.5
IR,JP,2008-06,0.5
IR,JP,2008-07,0.5
IR,JP,2008-08,0.5
IR,JP,2008-09,0.5
IR,JP,2008-10,0.3
IR,JP,2008-11,0.3
IR,JP,2008-12,0.1
IR,JP,2009-01,0.1
IR,JP,2009-02,0.1
IR,JP,2009-03,0.1
IR,JP,2009-04,0.1
IR,JP,2009-05,0.1
IR,JP,2009-06,0.1
IR,JP,2009-07,0.1
IR,JP,2009-08,0.1
IR,JP,2009-09,0.1
IR,JP,2009-10,0.1
IR,JP,2009-11,0.1
IR,JP,2009-12,0.1
IR,JP,2010-01,0.1
IR,JP,2010-02,0.1
IR,JP,2010-03,0.1
IR,JP,2010-04,0.1
IR,JP,2010-05,0.1
IR,JP,2010-06,0.1
IR,JP,2010-07,0.1
IR,JP,2010-08,0.1
IR,JP,2010-09,0.1
IR,JP,2010-10,0.05
IR,JP,2010-11,0.05
IR,JP,2010-12,0.05
IR,JP,2011-01,0.05
IR,JP,2011-02,0.05
IR,JP,2011-03,0.05
IR,JP,2011-04,0.05
IR,JP,2011-05,0.05
IR,JP,2011-06,0.05
IR,JP,2011-07,0.05
IR,JP,2011-08,0.05
IR,JP,2011-09,0.05
IR,JP,2011-10,0.05
IR,JP,2011-11,0.05
IR,JP,2011-12,0.05
IR,JP,2012-01,0.05
IR,JP,2012-02,0.05
IR,JP,2012-03,0.05
IR,JP,2012-04,0.05
IR,JP,2012-05,0.05
IR,JP,2012-06,0.05
IR,JP,2012-07,0.05
IR,JP,2012-08,0.05
IR,JP,2012-09,0.05
IR,JP,2012-10,0.05
IR,JP,2012-11,0.05
IR,JP,2012-12,0.05
IR,JP,2013-01,0.05
IR,JP,2013-02,0.05
IR,JP,2013-03,0.05
IR,JP,2013-04,0.05
IR,JP,2016-09,-0.1
IR,JP,2016-10,-0.1
IR,JP,2016-11,-0.1
IR,JP,2016-12,-0.1
IR,JP,2017-01,-0.1
IR,JP,2017-02,-0.1
IR,JP,2017-03,-0.1
IR,JP,2017-04,-0.1
IR,JP,2017-05,-0.1
IR,JP,2017-06,-0.1
IR,JP,2017-07,-0.1
IR,JP,2017-08,-0.1
IR,JP,2017-09,-0.1
IR,JP,2017-10,-0.1
IR,JP,2017-11,-0.1
IR,JP,2017-12,-0.1
IR,JP,2018-01,-0.1
IR,JP,2018-02,-0.1
IR,JP,2018-03,-0.1
IR,JP,2018-04,-0.1
IR,JP,2018-05,-0.1
IR,JP,2018-06,-0.1
IR,JP,2018-07,-0.1
IR,JP,2018-08,-0.1
IR,JP,2018-09,-0.1
IR,JP,2018-10,-0.1
IR,JP,2018-11,-0.1
IR,JP,2018-12,-0.1
IR,JP,2019-01,-0.1
IR,JP,2019-02,-0.1
IR,JP,2019-03,-0.1
IR,JP,2019-04,-0.1
IR,JP,2019-05,-0.1
IR,JP,2019-06,-0.1
IR,JP,2019-07,-0.1
IR,JP,2019-08,-0.1
IR,JP,2019-09,-0.1
IR,JP,2019-10,-0.1
IR,JP,2019-11,-0.1
IR,JP,2019-12,-0.1
IR,JP,2020-01,-0.1
IR,JP,2020-02,-0.1
IR,JP,2020-03,-0.1
IR,JP,2020-04,-0.1
IR,JP,2020-05,-0.1
IR,JP,2020-06,-0.1
IR,JP,2020-07,-0.1
IR,JP,2020-08,-0.1
IR,JP,2020-09,-0.1
IR,JP,2020-10,-0.1
IR,JP,2020-11,-0.1
IR,JP,2020-12,-0.1
IR,JP,2021-01,-0.1
IR,JP,2021-02,-0.1
IR,JP,2021-03,-0.1
IR,JP,2021-04,-0.1
IR,JP,2021-05,-0.1
IR,JP,2021-06,-0.1
IR,JP,2021-07,-0.1
IR,JP,2021-08,-0.1
IR,JP,2021-09,-0.1
IR,JP,2021-10,-0.1
IR,JP,2021-11,-0.1
IR,JP,2021-12,-0.1
IR,JP,2022-01,-0.1
IR,JP,2022-02,-0.1
IR,JP,2022-03,-0.1
IR,JP,2022-04,-0.1
IR,JP,2022-05,-0.1
IR,JP,2022-06,-0.1
IR,JP,2022-07,-0.1
IR,JP,2022-08,-0.1
IR,JP,2022-09,-0.1
IR,JP,2022-10,-0.1
IR,JP,2022-11,-0.1
IR,JP,2022-12,-0.1
IR,JP,2023-01,-0.1
IR,JP,2023-02,-0.1
IR,JP,2023-03,-0.1
IR,JP,2023-04,-0.1
IR,JP,2023-05,-0.1
IR,JP,2023-06,-0.1
IR,JP,2023-07,-0.1
IR,JP,2023-08,-0.1
IR,JP,2023-09,-0.1
IR,JP,2023-10,-0.1
IR,JP,2023-11,-0.1
IR,JP,2023-12,-0.1
IR,JP,2024-01,-0.1
IR,JP,2024-02,-0.1
IR,JP,2024-03,0.05
IR,JP,2024-04,0.05
IR,JP,2024-05,0.05
IR,JP,2024-06,0.05
IR,JP,2024-07,0.05
IR,JP,2024-08,0.25
IR,JP,2024-09,0.25
IR,JP,2024-10,0.25
IR,JP,2024-11,0.25
IR,JP,2024-12,0.25
IR,JP,2025-01,0.5
IR,JP,2025-02,0.5
IR,JP,2025-03,0.5
IR,JP,2025-04,0.5
IR,JP,2025-05,0.5
IR,JP,2025-06,0.5
IR,JP,2025-07,0.5
IR,JP,2025-08,0.5
IR,JP,2025-09,0.5
IR,JP,2025-10,0.5
IR,JP,2025-11,0.5
IR,JP,2025-12,0.75
IR,NZ,2008-01,8.25
IR,NZ,2008-02,8.25
IR,NZ,2008-03,8.25
IR,NZ,2008-04,8.25
IR,NZ,2008-05,8.25
IR,NZ,2008-06,8.25
IR,NZ,2008-07,8
IR,NZ,2008-08,8
IR,NZ,2008-09,7.5
IR,NZ,2008-10,6.5
IR,NZ,2008-11,6.5
IR,NZ,2008-12,5
IR,NZ,2009-01,3.5
IR,NZ,2009-02,3.5
IR,NZ,2009-03,3
IR,NZ,2009-04,2.5
IR,NZ,2009-05,2.5
IR,NZ,2009-06,2.5
IR,NZ,2009-07,2.5
IR,NZ,2009-08,2.5
IR,NZ,2009-09,2.5
IR,NZ,2009-10,2.5
IR,NZ,2009-11,2.5
IR,NZ,2009-12,2.5
IR,NZ,2010-01,2.5
IR,NZ,2010-02,2.5
IR,NZ,2010-03,2.5
IR,NZ,2010-04,2.5
IR,NZ,2010-05,2.5
IR,NZ,2010-06,2.75
IR,NZ,2010-07,3
IR,NZ,2010-08,3
IR,NZ,2010-09,3
IR,NZ,2010-10,3
IR,NZ,2010-11,3
IR,NZ,2010-12,3
IR,NZ,2011-01,3
IR,NZ,2011-02,3
IR,NZ,2011-03,2.5
IR,NZ,2011-04,2.5
IR,NZ,2011-05,2.5
IR,NZ,2011-06,2.5
IR,NZ,2011-07,2.5
IR,NZ,2011-08,2.5
IR,NZ,2011-09,2.5
IR,NZ,2011-10,2.5
IR,NZ,2011-11,2.5
IR,NZ,2011-12,2.5
IR,NZ,2012-01,2.5
IR,NZ,2012-02,2.5
IR,NZ,2012-03,2.5
IR,NZ,2012-04,2.5
IR,NZ,2012-05,2.5
IR,NZ,2012-06,2.5
IR,NZ,2012-07,2.5
IR,NZ,2012-08,2.5
IR,NZ,2012-09,2.5
IR,NZ,2012-10,2.5
IR,NZ,2012-11,2.5
IR,NZ,2012-12,2.5
IR,NZ,2013-01,2.5
IR,NZ,2013-02,2.5
IR,NZ,2013-03,2.5
IR,NZ,2013-04,2.5
IR,NZ,2013-05,2.5
IR,NZ,2013-06,2.5
IR,NZ,2013-07,2.5
IR,NZ,2013-08,2.5
IR,NZ,2013-09,2.5
IR,NZ,2013-10,2.5
IR,NZ,2013-11,2.5
IR,NZ,2013-12,2.5
IR,NZ,2014-01,2.5
IR,NZ,2014-02,2.5
IR,NZ,2014-03,2.75
IR,NZ,2014-04,3
IR,NZ,2014-05,3
IR,NZ,2014-06,3.25
IR,NZ,2014-07,3.5
IR,NZ,2014-08,3.5
IR,NZ,2014-09,3.5
IR,NZ,2014-10,3.5
IR,NZ,2014-11,3.5
IR,NZ,2014-12,3.5
IR,NZ,2015-01,3.5
IR,NZ,2015-02,3.5
IR,NZ,2015-03,3.5
IR,NZ,2015-04,3.5
IR,NZ,2015-05,3.5
IR,NZ,2015-06,3.25
IR,NZ,2015-07,3
IR,NZ,2015-08,3
IR,NZ,2015-09,2.75
IR,NZ,2015-10,2.75
IR,NZ,2015-11,2.75
IR,NZ,2015-12,2.5
IR,NZ,2016-01,2.5
IR,NZ,2016-02,2.5
IR,NZ,2016-03,2.25
IR,NZ,2016-04,2.25
IR,NZ,2016-05,2.25
IR,NZ,2016-06,2.25
IR,NZ,2016-07,2.25
IR,NZ,2016-08,2
IR,NZ,2016-09,2
IR,NZ,2016-10,2
IR,NZ,2016-11,1.75
IR,NZ,2016-12,1.75
IR,NZ,2017-01,1.75
IR,NZ,2017-02,1.75
IR,NZ,2017-03,1.75
IR,NZ,2017-04,1.75
IR,NZ,2017-05,1.75
IR,NZ,2017-06,1.75
IR,NZ,2017-07,1.75
IR,NZ,2017-08,1.75
IR,NZ,2017-09,1.75
IR,NZ,2017-10,1.75
IR,NZ,2017-11,1.75
IR,NZ,2017-12,1.75
IR,NZ,2018-01,1.75
IR,NZ,2018-02,1.75
IR,NZ,2018-03,1.75
IR,NZ,2018-04,1.75
IR,NZ,2018-05,1.75
IR,NZ,2018-06,1.75
IR,NZ,2018-07,1.75
IR,NZ,2018-08,1.75
IR,NZ,2018-09,1.75
IR,NZ,2018-10,1.75
IR,NZ,2018-11,1.75
IR,NZ,2018-12,1.75
IR,NZ,2019-01,1.75
IR,NZ,2019-02,1.75
IR,NZ,2019-03,1.75
IR,NZ,2019-04,1.75
IR,NZ,2019-05,1.5
IR,NZ,2019-06,1.5
IR,NZ,2019-07,1.5
IR,NZ,2019-08,1
IR,NZ,2019-09,1
IR,NZ,2019-10,1
IR,NZ,2019-11,1
IR,NZ,2019-12,1
IR,NZ,2020-01,1
IR,NZ,2020-02,1
IR,NZ,2020-03,0.25
IR,NZ,2020-04,0.25
IR,NZ,2020-05,0.25
IR,NZ,2020-06,0.25
IR,NZ,2020-07,0.25
IR,NZ,2020-08,0.25
IR,NZ,2020-09,0.25
IR,NZ,2020-10,0.25
IR,NZ,2020-11,0.25
IR,NZ,2020-12,0.25
IR,NZ,2021-01,0.25
IR,NZ,2021-02,0.25
IR,NZ,2021-03,0.25
IR,NZ,2021-04,0.25
IR,NZ,2021-05,0.25
IR,NZ,2021-06,0.25
IR,NZ,2021-07,0.25
IR,NZ,2021-08,0.25
IR,NZ,2021-09,0.25
IR,NZ,2021-10,0.5
IR,NZ,2021-11,0.75
IR,NZ,2021-12,0.75
IR,NZ,2022-01,0.75
IR,NZ,2022-02,1
IR,NZ,2022-03,1
IR,NZ,2022-04,1.5
IR,NZ,2022-05,2
IR,NZ,2022-06,2
IR,NZ,2022-07,2.5
IR,NZ,2022-08,3
IR,NZ,2022-09,3
IR,NZ,2022-10,3.5
IR,NZ,2022-11,4.25
IR,NZ,2022-12,4.25
IR,NZ,2023-01,4.25
IR,NZ,2023-02,4.75
IR,NZ,2023-03,4.75
IR,NZ,2023-04,5.25
IR,NZ,2023-05,5.5
IR,NZ,2023-06,5.5
IR,NZ,2023-07,5.5
IR,NZ,2023-08,5.5
IR,NZ,2023-09,5.5
IR,NZ,2023-10,5.5
IR,NZ,2023-11,5.5
IR,NZ,2023-12,5.5
IR,NZ,2024-01,5.5
IR,NZ,2024-02,5.5
IR,NZ,2024-03,5.5
IR,NZ,2024-04,5.5
IR,NZ,2024-05,5.5
IR,NZ,2024-06,5.5
IR,NZ,2024-07,5.5
IR,NZ,2024-08,5.25
IR,NZ,2024-09,5.25
IR,NZ,2024-10,4.75
IR,NZ,2024-11,4.25
IR,NZ,2024-12,4.25
IR,NZ,2025-01,4.25
IR,NZ,2025-02,3.75
IR,NZ,2025-03,3.75
IR,NZ,2025-04,3.5
IR,NZ,2025-05,3.25
IR,NZ,2025-06,3.25
IR,NZ,2025-07,3.25
IR,NZ,2025-08,3
IR,NZ,2025-09,3
IR,NZ,2025-10,2.5
IR,NZ,2025-11,2.25
IR,NZ,2025-12,2.25
IR,NO,2008-01,5.25
IR,NO,2008-02,5.25
IR,NO,2008-03,5.25
IR,NO,2008-04,5.5
IR,NO,2008-05,5.5
IR,NO,2008-06,5.75
IR,NO,2008-07,5.75
IR,NO,2008-08,5.75
IR,NO,2008-09,5.75
IR,NO,2008-10,4.75
IR,NO,2008-11,4.75
IR,NO,2008-12,3
IR,NO,2009-01,3
IR,NO,2009-02,2.5
IR,NO,2009-03,2
IR,NO,2009-04,2
IR,NO,2009-05,1.5
IR,NO,2009-06,1.25
IR,NO,2009-07,1.25
IR,NO,2009-08,1.25
IR,NO,2009-09,1.25
IR,NO,2009-10,1.5
IR,NO,2009-11,1.5
IR,NO,2009-12,1.75
IR,NO,2010-01,1.75
IR,NO,2010-02,1.75
IR,NO,2010-03,1.75
IR,NO,2010-04,1.75
IR,NO,2010-05,2
IR,NO,2010-06,2
IR,NO,2010-07,2
IR,NO,2010-08,2
IR,NO,2010-09,2
IR,NO,2010-10,2
IR,NO,2010-11,2
IR,NO,2010-12,2
IR,NO,2011-01,2
IR,NO,2011-02,2
IR,NO,2011-03,2
IR,NO,2011-04,2
IR,NO,2011-05,2.25
IR,NO,2011-06,2.25
IR,NO,2011-07,2.25
IR,NO,2011-08,2.25
IR,NO,2011-09,2.25
IR,NO,2011-10,2.25
IR,NO,2011-11,2.25
IR,NO,2011-12,1.75
IR,NO,2012-01,1.75
IR,NO,2012-02,1.75
IR,NO,2012-03,1.5
IR,NO,2012-04,1.5
IR,NO,2012-05,1.5
IR,NO,2012-06,1.5
IR,NO,2012-07,1.5
IR,NO,2012-08,1.5
IR,NO,2012-09,1.5
IR,NO,2012-10,1.5
IR,NO,2012-11,1.5
IR,NO,2012-12,1.5
IR,NO,2013-01,1.5
IR,NO,2013-02,1.5
IR,NO,2013-03,1.5
IR,NO,2013-04,1.5
IR,NO,2013-05,1.5
IR,NO,2013-06,1.5
IR,NO,2013-07,1.5
IR,NO,2013-08,1.5
IR,NO,2013-09,1.5
IR,NO,2013-10,1.5
IR,NO,2013-11,1.5
IR,NO,2013-12,1.5
IR,NO,2014-01,1.5
IR,NO,2014-02,1.5
IR,NO,2014-03,1.5
IR,NO,2014-04,1.5
IR,NO,2014-05,1.5
IR,NO,2014-06,1.5
IR,NO,2014-07,1.5
IR,NO,2014-08,1.5
IR,NO,2014-09,1.5
IR,NO,2014-10,1.5
IR,NO,2014-11,1.5
IR,NO,2014-12,1.25
IR,NO,2015-01,1.25
IR,NO,2015-02,1.25
IR,NO,2015-03,1.25
IR,NO,2015-04,1.25
IR,NO,2015-05,1.25
IR,NO,2015-06,1
IR,NO,2015-07,1
IR,NO,2015-08,1
IR,NO,2015-09,0.75
IR,NO,2015-10,0.75
IR,NO,2015-11,0.75
IR,NO,2015-12,0.75
IR,NO,2016-01,0.75
IR,NO,2016-02,0.75
IR,NO,2016-03,0.5
IR,NO,2016-04,0.5
IR,NO,2016-05,0.5
IR,NO,2016-06,0.5
IR,NO,2016-07,0.5
IR,NO,2016-08,0.5
IR,NO,2016-09,0.5
IR,NO,2016-10,0.5
IR,NO,2016-11,0.5
IR,NO,2016-12,0.5
IR,NO,2017-01,0.5
IR,NO,2017-02,0.5
IR,NO,2017-03,0.5
IR,NO,2017-04,0.5
IR,NO,2017-05,0.5
IR,NO,2017-06,0.5
IR,NO,2017-07,0.5
IR,NO,2017-08,0.5
IR,NO,2017-09,0.5
IR,NO,2017-10,0.5
IR,NO,2017-11,0.5
IR,NO,2017-12,0.5
IR,NO,2018-01,0.5
IR,NO,2018-02,0.5
IR,NO,2018-03,0.5
IR,NO,2018-04,0.5
IR,NO,2018-05,0.5
IR,NO,2018-06,0.5
IR,NO,2018-07,0.5
IR,NO,2018-08,0.5
IR,NO,2018-09,0.75
IR,NO,2018-10,0.75
IR,NO,2018-11,0.75
IR,NO,2018-12,0.75
IR,NO,2019-01,0.75
IR,NO,2019-02,0.75
IR,NO,2019-03,1
IR,NO,2019-04,1
IR,NO,2019-05,1
IR,NO,2019-06,1.25
IR,NO,2019-07,1.25
IR,NO,2019-08,1.25
IR,NO,2019-09,1.5
IR,NO,2019-10,1.5
IR,NO,2019-11,1.5
IR,NO,2019-12,1.5
IR,NO,2020-01,1.5
IR,NO,2020-02,1.5
IR,NO,2020-03,0.25
IR,NO,2020-04,0.25
IR,NO,2020-05,0
IR,NO,2020-06,0
IR,NO,2020-07,0
IR,NO,2020-08,0
IR,NO,2020-09,0
IR,NO,2020-10,0
IR,NO,2020-11,0
IR,NO,2020-12,0
IR,NO,2021-01,0
IR,NO,2021-02,0
IR,NO,2021-03,0
IR,NO,2021-04,0
IR,NO,2021-05,0
IR,NO,2021-06,0
IR,NO,2021-07,0
IR,NO,2021-08,0
IR,NO,2021-09,0.25
IR,NO,2021-10,0.25
IR,NO,2021-11,0.25
IR,NO,2021-12,0.5
IR,NO,2022-01,0.5
IR,NO,2022-02,0.5
IR,NO,2022-03,0.75
IR,NO,2022-04,0.75
IR,NO,2022-05,0.75
IR,NO,2022-06,1.25
IR,NO,2022-07,1.25
IR,NO,2022-08,1.75
IR,NO,2022-09,2.25
IR,NO,2022-10,2.25
IR,NO,2022-11,2.5
IR,NO,2022-12,2.75
IR,NO,2023-01,2.75
IR,NO,2023-02,2.75
IR,NO,2023-03,3
IR,NO,2023-04,3
IR,NO,2023-05,3.25
IR,NO,2023-06,3.75
IR,NO,2023-07,3.75
IR,NO,2023-08,4
IR,NO,2023-09,4.25
IR,NO,2023-10,4.25
IR,NO,2023-11,4.25
IR,NO,2023-12,4.5
IR,NO,2024-01,4.5
IR,NO,2024-02,4.5
IR,NO,2024-03,4.5
IR,NO,2024-04,4.5
IR,NO,2024-05,4.5
IR,NO,2024-06,4.5
IR,NO,2024-07,4.5
IR,NO,2024-08,4.5
IR,NO,2024-09,4.5
IR,NO,2024-10,4.5
IR,NO,2024-11,4.5
IR,NO,2024-12,4.5
IR,NO,2025-01,4.5
IR,NO,2025-02,4.5
IR,NO,2025-03,4.5
IR,NO,2025-04,4.5
IR,NO,2025-05,4.5
IR,NO,2025-06,4.25
IR,NO,2025-07,4.25
IR,NO,2025-08,4.25
IR,NO,2025-09,4
IR,NO,2025-10,4
IR,NO,2025-11,4
IR,NO,2025-12,4
IR,SE,2008-01,4
IR,SE,2008-02,4.25
IR,SE,2008-03,4.25
IR,SE,2008-04,4.25
IR,SE,2008-05,4.25
IR,SE,2008-06,4.25
IR,SE,2008-07,4.5
IR,SE,2008-08,4.5
IR,SE,2008-09,4.75
IR,SE,2008-10,3.75
IR,SE,2008-11,3.75
IR,SE,2008-12,2
IR,SE,2009-01,2
IR,SE,2009-02,1
IR,SE,2009-03,1
IR,SE,2009-04,0.5
IR,SE,2009-05,0.5
IR,SE,2009-06,0.5
IR,SE,2009-07,0.25
IR,SE,2009-08,0.25
IR,SE,2009-09,0.25
IR,SE,2009-10,0.25
IR,SE,2009-11,0.25
IR,SE,2009-12,0.25
IR,SE,2010-01,0.25
IR,SE,2010-02,0.25
IR,SE,2010-03,0.25
IR,SE,2010-04,0.25
IR,SE,2010-05,0.25
IR,SE,2010-06,0.25
IR,SE,2010-07,0.5
IR,SE,2010-08,0.5
IR,SE,2010-09,0.75
IR,SE,2010-10,1
IR,SE,2010-11,1
IR,SE,2010-12,1.25
IR,SE,2011-01,1.25
IR,SE,2011-02,1.5
IR,SE,2011-03,1.5
IR,SE,2011-04,1.75
IR,SE,2011-05,1.75
IR,SE,2011-06,1.75
IR,SE,2011-07,2
IR,SE,2011-08,2
IR,SE,2011-09,2
IR,SE,2011-10,2
IR,SE,2011-11,2
IR,SE,2011-12,1.75
IR,SE,2012-01,1.75
IR,SE,2012-02,1.5
IR,SE,2012-03,1.5
IR,SE,2012-04,1.5
IR,SE,2012-05,1.5
IR,SE,2012-06,1.5
IR,SE,2012-07,1.5
IR,SE,2012-08,1.5
IR,SE,2012-09,1.25
IR,SE,2012-10,1.25
IR,SE,2012-11,1.25
IR,SE,2012-12,1
IR,SE,2013-01,1
IR,SE,2013-02,1
IR,SE,2013-03,1
IR,SE,2013-04,1
IR,SE,2013-05,1
IR,SE,2013-06,1
IR,SE,2013-07,1
IR,SE,2013-08,1
IR,SE,2013-09,1
IR,SE,2013-10,1
IR,SE,2013-11,1
IR,SE,2013-12,0.75
IR,SE,2014-01,0.75
IR,SE,2014-02,0.75
IR,SE,2014-03,0.75
IR,SE,2014-04,0.75
IR,SE,2014-05,0.75
IR,SE,2014-06,0.75
IR,SE,2014-07,0.25
IR,SE,2014-08,0.25
IR,SE,2014-09,0.25
IR,SE,2014-10,0
IR,SE,2014-11,0
IR,SE,2014-12,0
IR,SE,2015-01,0
IR,SE,2015-02,-0.1
IR,SE,2015-03,-0.25
IR,SE,2015-04,-0.25
IR,SE,2015-05,-0.25
IR,SE,2015-06,-0.25
IR,SE,2015-07,-0.35
IR,SE,2015-08,-0.35
IR,SE,2015-09,-0.35
IR,SE,2015-10,-0.35
IR,SE,2015-11,-0.35
IR,SE,2015-12,-0.35
IR,SE,2016-01,-0.35
IR,SE,2016-02,-0.5
IR,SE,2016-03,-0.5
IR,SE,2016-04,-0.5
IR,SE,2016-05,-0.5
IR,SE,2016-06,-0.5
IR,SE,2016-07,-0.5
IR,SE,2016-08,-0.5
IR,SE,2016-09,-0.5
IR,SE,2016-10,-0.5
IR,SE,2016-11,-0.5
IR,SE,2016-12,-0.5
IR,SE,2017-01,-0.5
IR,SE,2017-02,-0.5
IR,SE,2017-03,-0.5
IR,SE,2017-04,-0.5
IR,SE,2017-05,-0.5
IR,SE,2017-06,-0.5
IR,SE,2017-07,-0.5
IR,SE,2017-08,-0.5
IR,SE,2017-09,-0.5
IR,SE,2017-10,-0.5
IR,SE,2017-11,-0.5
IR,SE,2017-12,-0.5
IR,SE,2018-01,-0.5
IR,SE,2018-02,-0.5
IR,SE,2018-03,-0.5
IR,SE,2018-04,-0.5
IR,SE,2018-05,-0.5
IR,SE,2018-06,-0.5
IR,SE,2018-07,-0.5
IR,SE,2018-08,-0.5
IR,SE,2018-09,-0.5
IR,SE,2018-10,-0.5
IR,SE,2018-11,-0.5
IR,SE,2018-12,-0.5
IR,SE,2019-01,-0.25
IR,SE,2019-02,-0.25
IR,SE,2019-03,-0.25
IR,SE,2019-04,-0.25
IR,SE,2019-05,-0.25
IR,SE,2019-06,-0.25
IR,SE,2019-07,-0.25
IR,SE,2019-08,-0.25
IR,SE,2019-09,-0.25
IR,SE,2019-10,-0.25
IR,SE,2019-11,-0.25
IR,SE,2019-12,-0.25
IR,SE,2020-01,0
IR,SE,2020-02,0
IR,SE,2020-03,0
IR,SE,2020-04,0
IR,SE,2020-05,0
IR,SE,2020-06,0
IR,SE,2020-07,0
IR,SE,2020-08,0
IR,SE,2020-09,0
IR,SE,2020-10,0
IR,SE,2020-11,0
IR,SE,2020-12,0
IR,SE,2021-01,0
IR,SE,2021-02,0
IR,SE,2021-03,0
IR,SE,2021-04,0
IR,SE,2021-05,0
IR,SE,2021-06,0
IR,SE,2021-07,0
IR,SE,2021-08,0
IR,SE,2021-09,0
IR,SE,2021-10,0
IR,SE,2021-11,0
IR,SE,2021-12,0
IR,SE,2022-01,0
IR,SE,2022-02,0
IR,SE,2022-03,0
IR,SE,2022-04,0
IR,SE,2022-05,0.25
IR,SE,2022-06,0.25
IR,SE,2022-07,0.75
IR,SE,2022-08,0.75
IR,SE,2022-09,1.75
IR,SE,2022-10,1.75
IR,SE,2022-11,2.5
IR,SE,2022-12,2.5
IR,SE,2023-01,2.5
IR,SE,2023-02,3
IR,SE,2023-03,3
IR,SE,2023-04,3
IR,SE,2023-05,3.5
IR,SE,2023-06,3.5
IR,SE,2023-07,3.75
IR,SE,2023-08,3.75
IR,SE,2023-09,4
IR,SE,2023-10,4
IR,SE,2023-11,4
IR,SE,2023-12,4
IR,SE,2024-01,4
IR,SE,2024-02,4
IR,SE,2024-03,4
IR,SE,2024-04,4
IR,SE,2024-05,3.75
IR,SE,2024-06,3.75
IR,SE,2024-07,3.75
IR,SE,2024-08,3.5
IR,SE,2024-09,3.5
IR,SE,2024-10,3.25
IR,SE,2024-11,2.75
IR,SE,2024-12,2.75
IR,SE,2025-01,2.5
IR,SE,2025-02,2.25
IR,SE,2025-03,2.25
IR,SE,2025-04,2.25
IR,SE,2025-05,2.25
IR,SE,2025-06,2
IR,SE,2025-07,2
IR,SE,2025-08,2
IR,SE,2025-09,2
IR,SE,2025-10,1.75
IR,SE,2025-11,1.75
IR,SE,2025-12,1.75
IR,US,2008-01,3
IR,US,2008-02,3
IR,US,2008-03,2.25
IR,US,2008-04,2
IR,US,2008-05,2
IR,US,2008-06,2
IR,US,2008-07,2
IR,US,2008-08,2
IR,US,2008-09,2
IR,US,2008-10,1
IR,US,2008-11,1
IR,US,2008-12,0.125
IR,US,2009-01,0.125
IR,US,2009-02,0.125
IR,US,2009-03,0.125
IR,US,2009-04,0.125
IR,US,2009-05,0.125
IR,US,2009-06,0.125
IR,US,2009-07,0.125
IR,US,2009-08,0.125
IR,US,2009-09,0.125
IR,US,2009-10,0.125
IR,US,2009-11,0.125
IR,US,2009-12,0.125
IR,US,2010-01,0.125
IR,US,2010-02,0.125
IR,US,2010-03,0.125
IR,US,2010-04,0.125
IR,US,2010-05,0.125
IR,US,2010-06,0.125
IR,US,2010-07,0.125
IR,US,2010-08,0.125
IR,US,2010-09,0.125
IR,US,2010-10,0.125
IR,US,2010-11,0.125
IR,US,2010-12,0.125
IR,US,2011-01,0.125
IR,US,2011-02,0.125
IR,US,2011-03,0.125
IR,US,2011-04,0.125
IR,US,2011-05,0.125
IR,US,2011-06,0.125
IR,US,2011-07,0.125
IR,US,2011-08,0.125
IR,US,2011-09,0.125
IR,US,2011-10,0.125
IR,US,2011-11,0.125
IR,US,2011-12,0.125
IR,US,2012-01,0.125
IR,US,2012-02,0.125
IR,US,2012-03,0.125
IR,US,2012-04,0.125
IR,US,2012-05,0.125
IR,US,2012-06,0.125
IR,US,2012-07,0.125
IR,US,2012-08,0.125
IR,US,2012-09,0.125
IR,US,2012-10,0.125
IR,US,2012-11,0.125
IR,US,2012-12,0.125
IR,US,2013-01,0.125
IR,US,2013-02,0.125
IR,US,2013-03,0.125
IR,US,2013-04,0.125
IR,US,2013-05,0.125
IR,US,2013-06,0.125
IR,US,2013-07,0.125
IR,US,2013-08,0.125
IR,US,2013-09,0.125
IR,US,2013-10,0.125
IR,US,2013-11,0.125
IR,US,2013-12,0.125
IR,US,2014-01,0.125
IR,US,2014-02,0.125
IR,US,2014-03,0.125
IR,US,2014-04,0.125
IR,US,2014-05,0.125
IR,US,2014-06,0.125
IR,US,2014-07,0.125
IR,US,2014-08,0.125
IR,US,2014-09,0.125
IR,US,2014-10,0.125
IR,US,2014-11,0.125
IR,US,2014-12,0.125
IR,US,2015-01,0.125
IR,US,2015-02,0.125
IR,US,2015-03,0.125
IR,US,2015-04,0.125
IR,US,2015-05,0.125
IR,US,2015-06,0.125
IR,US,2015-07,0.125
IR,US,2015-08,0.125
IR,US,2015-09,0.125
IR,US,2015-10,0.125
IR,US,2015-11,0.125
IR,US,2015-12,0.375
IR,US,2016-01,0.375
IR,US,2016-02,0.375
IR,US,2016-03,0.375
IR,US,2016-04,0.375
IR,US,2016-05,0.375
IR,US,2016-06,0.375
IR,US,2016-07,0.375
IR,US,2016-08,0.375
IR,US,2016-09,0.375
IR,US,2016-10,0.375
IR,US,2016-11,0.375
IR,US,2016-12,0.625
IR,US,2017-01,0.625
IR,US,2017-02,0.625
IR,US,2017-03,0.875
IR,US,2017-04,0.875
IR,US,2017-05,0.875
IR,US,2017-06,1.125
IR,US,2017-07,1.125
IR,US,2017-08,1.125
IR,US,2017-09,1.125
IR,US,2017-10,1.125
IR,US,2017-11,1.125
IR,US,2017-12,1.375
IR,US,2018-01,1.375
IR,US,2018-02,1.375
IR,US,2018-03,1.625
IR,US,2018-04,1.625
IR,US,2018-05,1.625
IR,US,2018-06,1.875
IR,US,2018-07,1.875
IR,US,2018-08,1.875
IR,US,2018-09,2.125
IR,US,2018-10,2.125
IR,US,2018-11,2.125
IR,US,2018-12,2.375
IR,US,2019-01,2.375
IR,US,2019-02,2.375
IR,US,2019-03,2.375
IR,US,2019-04,2.375
IR,US,2019-05,2.375
IR,US,2019-06,2.375
IR,US,2019-07,2.375
IR,US,2019-08,2.125
IR,US,2019-09,1.875
IR,US,2019-10,1.625
IR,US,2019-11,1.625
IR,US,2019-12,1.625
IR,US,2020-01,1.625
IR,US,2020-02,1.625
IR,US,2020-03,0.125
IR,US,2020-04,0.125
IR,US,2020-05,0.125
IR,US,2020-06,0.125
IR,US,2020-07,0.125
IR,US,2020-08,0.125
IR,US,2020-09,0.125
IR,US,2020-10,0.125
IR,US,2020-11,0.125
IR,US,2020-12,0.125
IR,US,2021-01,0.125
IR,US,2021-02,0.125
IR,US,2021-03,0.125
IR,US,2021-04,0.125
IR,US,2021-05,0.125
IR,US,2021-06,0.125
IR,US,2021-07,0.125
IR,US,2021-08,0.125
IR,US,2021-09,0.125
IR,US,2021-10,0.125
IR,US,2021-11,0.125
IR,US,2021-12,0.125
IR,US,2022-01,0.125
IR,US,2022-02,0.125
IR,US,2022-03,0.375
IR,US,2022-04,0.375
IR,US,2022-05,0.875
IR,US,2022-06,1.625
IR,US,2022-07,2.375
IR,US,2022-08,2.375
IR,US,2022-09,3.125
IR,US,2022-10,3.125
IR,US,2022-11,3.875
IR,US,2022-12,4.375
IR,US,2023-01,4.375
IR,US,2023-02,4.625
IR,US,2023-03,4.875
IR,US,2023-04,4.875
IR,US,2023-05,5.125
IR,US,2023-06,5.125
IR,US,2023-07,5.375
IR,US,2023-08,5.375
IR,US,2023-09,5.375
IR,US,2023-10,5.375
IR,US,2023-11,5.375
IR,US,2023-12,5.375
IR,US,2024-01,5.375
IR,US,2024-02,5.375
IR,US,2024-03,5.375
IR,US,2024-04,5.375
IR,US,2024-05,5.375
IR,US,2024-06,5.375
IR,US,2024-07,5.375
IR,US,2024-08,5.375
IR,US,2024-09,4.875
IR,US,2024-10,4.875
IR,US,2024-11,4.625
IR,US,2024-12,4.375
IR,US,2025-01,4.375
IR,US,2025-02,4.375
IR,US,2025-03,4.375
IR,US,2025-04,4.375
IR,US,2025-05,4.375
IR,US,2025-06,4.375
IR,US,2025-07,4.375
IR,US,2025-08,4.375
IR,US,2025-09,4.125
IR,US,2025-10,3.875
IR,US,2025-11,3.875
IR,US,2025-12,3.625
IR,XM,2008-01,4
IR,XM,2008-02,4
IR,XM,2008-03,4
IR,XM,2008-04,4
IR,XM,2008-05,4
IR,XM,2008-06,4
IR,XM,2008-07,4.25
IR,XM,2008-08,4.25
IR,XM,2008-09,4.25
IR,XM,2008-10,3.75
IR,XM,2008-11,3.25
IR,XM,2008-12,2.5
IR,XM,2009-01,2
IR,XM,2009-02,2
IR,XM,2009-03,1.5
IR,XM,2009-04,1.25
IR,XM,2009-05,1
IR,XM,2009-06,1
IR,XM,2009-07,1
IR,XM,2009-08,1
IR,XM,2009-09,1
IR,XM,2009-10,1
IR,XM,2009-11,1
IR,XM,2009-12,1
IR,XM,2010-01,1
IR,XM,2010-02,1
IR,XM,2010-03,1
IR,XM,2010-04,1
IR,XM,2010-05,1
IR,XM,2010-06,1
IR,XM,2010-07,1
IR,XM,2010-08,1
IR,XM,2010-09,1
IR,XM,2010-10,1
IR,XM,2010-11,1
IR,XM,2010-12,1
IR,XM,2011-01,1
IR,XM,2011-02,1
IR,XM,2011-03,1
IR,XM,2011-04,1.25
IR,XM,2011-05,1.25
IR,XM,2011-06,1.25
IR,XM,2011-07,1.5
IR,XM,2011-08,1.5
IR,XM,2011-09,1.5
IR,XM,2011-10,1.5
IR,XM,2011-11,1.25
IR,XM,2011-12,1
IR,XM,2012-01,1
IR,XM,2012-02,1
IR,XM,2012-03,1
IR,XM,2012-04,1
IR,XM,2012-05,1
IR,XM,2012-06,1
IR,XM,2012-07,0.75
IR,XM,2012-08,0.75
IR,XM,2012-09,0.75
IR,XM,2012-10,0.75
IR,XM,2012-11,0.75
IR,XM,2012-12,0.75
IR,XM,2013-01,0.75
IR,XM,2013-02,0.75
IR,XM,2013-03,0.75
IR,XM,2013-04,0.75
IR,XM,2013-05,0.5
IR,XM,2013-06,0.5
IR,XM,2013-07,0.5
IR,XM,2013-08,0.5
IR,XM,2013-09,0.5
IR,XM,2013-10,0.5
IR,XM,2013-11,0.25
IR,XM,2013-12,0.25
IR,XM,2014-01,0.25
IR,XM,2014-02,0.25
IR,XM,2014-03,0.25
IR,XM,2014-04,0.25
IR,XM,2014-05,0.25
IR,XM,2014-06,0.15
IR,XM,2014-07,0.15
IR,XM,2014-08,0.15
IR,XM,2014-09,0.05
IR,XM,2014-10,0.05
IR,XM,2014-11,0.05
IR,XM,2014-12,0.05
IR,XM,2015-01,0.05
IR,XM,2015-02,0.05
IR,XM,2015-03,0.05
IR,XM,2015-04,0.05
IR,XM,2015-05,0.05
IR,XM,2015-06,0.05
IR,XM,2015-07,0.05
IR,XM,2015-08,0.05
IR,XM,2015-09,0.05
IR,XM,2015-10,0.05
IR,XM,2015-11,0.05
IR,XM,2015-12,0.05
IR,XM,2016-01,0.05
IR,XM,2016-02,0.05
IR,XM,2016-03,0
IR,XM,2016-04,0
IR,XM,2016-05,0
IR,XM,2016-06,0
IR,XM,2016-07,0
IR,XM,2016-08,0
IR,XM,2016-09,0
IR,XM,2016-10,0
IR,XM,2016-11,0
IR,XM,2016-12,0
IR,XM,2017-01,0
IR,XM,2017-02,0
IR,XM,2017-03,0
IR,XM,2017-04,0
IR,XM,2017-05,0
IR,XM,2017-06,0
IR,XM,2017-07,0
IR,XM,2017-08,0
IR,XM,2017-09,0
IR,XM,2017-10,0
IR,XM,2017-11,0
IR,XM,2017-12,0
IR,XM,2018-01,0
IR,XM,2018-02,0
IR,XM,2018-03,0
IR,XM,2018-04,0
IR,XM,2018-05,0
IR,XM,2018-06,0
IR,XM,2018-07,0
IR,XM,2018-08,0
IR,XM,2018-09,0
IR,XM,2018-10,0
IR,XM,2018-11,0
IR,XM,2018-12,0
IR,XM,2019-01,0
IR,XM,2019-02,0
IR,XM,2019-03,0
IR,XM,2019-04,0
IR,XM,2019-05,0
IR,XM,2019-06,0
IR,XM,2019-07,0
IR,XM,2019-08,0
IR,XM,2019-09,0
IR,XM,2019-10,0
IR,XM,2019-11,0
IR,XM,2019-12,0
IR,XM,2020-01,0
IR,XM,2020-02,0
IR,XM,2020-03,0
IR,XM,2020-04,0
IR,XM,2020-05,0
IR,XM,2020-06,0
IR,XM,2020-07,0
IR,XM,2020-08,0
IR,XM,2020-09,0
IR,XM,2020-10,0
IR,XM,2020-11,0
IR,XM,2020-12,0
IR,XM,2021-01,0
IR,XM,2021-02,0
IR,XM,2021-03,0
IR,XM,2021-04,0
IR,XM,2021-05,0
IR,XM,2021-06,0
IR,XM,2021-07,0
IR,XM,2021-08,0
IR,XM,2021-09,0
IR,XM,2021-10,0
IR,XM,2021-11,0
IR,XM,2021-12,0
IR,XM,2022-01,0
IR,XM,2022-02,0
IR,XM,2022-03,0
IR,XM,2022-04,0
IR,XM,2022-05,0
IR,XM,2022-06,0
IR,XM,2022-07,0.5
IR,XM,2022-08,0.5
IR,XM,2022-09,1.25
IR,XM,2022-10,1.25
IR,XM,2022-11,2
IR,XM,2022-12,2.5
IR,XM,2023-01,2.5
IR,XM,2023-02,3
IR,XM,2023-03,3.5
IR,XM,2023-04,3.5
IR,XM,2023-05,3.75
IR,XM,2023-06,4
IR,XM,2023-07,4
IR,XM,2023-08,4.25
IR,XM,2023-09,4.5
IR,XM,2023-10,4.5
IR,XM,2023-11,4.5
IR,XM,2023-12,4.5
IR,XM,2024-01,4.5
IR,XM,2024-02,4.5
IR,XM,2024-03,4.5
IR,XM,2024-04,4.5
IR,XM,2024-05,4.5
IR,XM,2024-06,4.25
IR,XM,2024-07,4.25
IR,XM,2024-08,4.25
IR,XM,2024-09,3.5
IR,XM,2024-10,3.25
IR,XM,2024-11,3.25
IR,XM,2024-12,3
IR,XM,2025-01,3
IR,XM,2025-02,2.75
IR,XM,2025-03,2.5
IR,XM,2025-04,2.25
IR,XM,2025-05,2.25
IR,XM,2025-06,2
IR,XM,2025-07,2
IR,XM,2025-08,2
IR,XM,2025-09,2
IR,XM,2025-10,2
IR,XM,2025-11,2
IR,XM,2025-12,2
